date,issuer,series,price
1879-05-31,Austria,4% Gold Rentes,69.0
1879-06-30,Austria,4% Gold Rentes,67.5
1879-07-31,Austria,4% Gold Rentes,68.75
1879-08-31,Austria,4% Gold Rentes,68.25
1879-09-30,Austria,4% Gold Rentes,70.0
1879-10-31,Austria,4% Gold Rentes,69.0
1879-11-30,Austria,4% Gold Rentes,68.75
1879-12-31,Austria,4% Gold Rentes,70.0
1880-01-31,Austria,4% Gold Rentes,74.0
1880-02-29,Austria,4% Gold Rentes,73.5
1880-03-31,Austria,4% Gold Rentes,75.0
1880-04-30,Austria,4% Gold Rentes,74.0
1880-05-31,Austria,4% Gold Rentes,74.5
1880-06-30,Austria,4% Gold Rentes,76.5
1880-07-31,Austria,4% Gold Rentes,74.0
1880-08-31,Austria,4% Gold Rentes,76.0
1880-09-30,Austria,4% Gold Rentes,75.5
1880-10-31,Austria,4% Gold Rentes,73.0
1880-11-30,Austria,4% Gold Rentes,74.0
1880-12-31,Austria,4% Gold Rentes,74.5
1881-01-31,Austria,4% Gold Rentes,75.5
1881-02-28,Austria,4% Gold Rentes,78.0
1881-03-31,Austria,4% Gold Rentes,80.0
1881-04-30,Austria,4% Gold Rentes,80.0
1881-05-31,Austria,4% Gold Rentes,81.5
1881-06-30,Austria,4% Gold Rentes,81.5
1881-07-31,Austria,4% Gold Rentes,81.5
1881-08-31,Austria,4% Gold Rentes,81.5
1881-09-30,Austria,4% Gold Rentes,81.5
1881-10-31,Austria,4% Gold Rentes,79.0
1881-11-30,Austria,4% Gold Rentes,80.0
1881-12-31,Austria,4% Gold Rentes,79.0
1882-01-31,Austria,4% Gold Rentes,77.0
1882-02-28,Austria,4% Gold Rentes,78.0
1882-03-31,Austria,4% Gold Rentes,79.0
1882-04-30,Austria,4% Gold Rentes,78.0
1882-05-31,Austria,4% Gold Rentes,80.0
1882-06-30,Austria,4% Gold Rentes,78.0
1882-07-31,Austria,4% Gold Rentes,80.0
1882-08-31,Austria,4% Gold Rentes,81.0
1882-09-30,Austria,4% Gold Rentes,82.0
1882-10-31,Austria,4% Gold Rentes,80.0
1882-11-30,Austria,4% Gold Rentes,80.0
1882-12-31,Austria,4% Gold Rentes,80.0
1883-01-31,Austria,4% Gold Rentes,81.0
1883-02-28,Austria,4% Gold Rentes,82.0
1883-03-31,Austria,4% Gold Rentes,84.0
1883-04-30,Austria,4% Gold Rentes,83.0
1883-05-31,Austria,4% Gold Rentes,83.0
1883-06-30,Austria,4% Gold Rentes,84.0
1883-07-31,Austria,4% Gold Rentes,84.0
1883-08-31,Austria,4% Gold Rentes,84.0
1883-09-30,Austria,4% Gold Rentes,86.0
1883-10-31,Austria,4% Gold Rentes,83.0
1883-11-30,Austria,4% Gold Rentes,82.0
1883-12-31,Austria,4% Gold Rentes,82.0
1884-01-31,Austria,4% Gold Rentes,83.0
1884-02-29,Austria,4% Gold Rentes,84.0
1884-03-31,Austria,4% Gold Rentes,86.0
1884-04-30,Austria,4% Gold Rentes,84.0
1884-05-31,Austria,4% Gold Rentes,84.0
1884-06-30,Austria,4% Gold Rentes,84.0
1884-07-31,Austria,4% Gold Rentes,86.0
1884-08-31,Austria,4% Gold Rentes,87.0
1884-09-30,Austria,4% Gold Rentes,88.0
1884-10-31,Austria,4% Gold Rentes,85.0
1884-11-30,Austria,4% Gold Rentes,86.0
1884-12-31,Austria,4% Gold Rentes,86.0
1885-01-31,Austria,4% Gold Rentes,87.0
1885-02-28,Austria,4% Gold Rentes,88.0
1885-03-31,Austria,4% Gold Rentes,88.0
1885-04-30,Austria,4% Gold Rentes,84.0
1885-05-31,Austria,4% Gold Rentes,86.0
1885-06-30,Austria,4% Gold Rentes,89.0
1885-07-31,Austria,4% Gold Rentes,89.0
1885-08-31,Austria,4% Gold Rentes,89.0
1885-09-30,Austria,4% Gold Rentes,88.0
1885-10-31,Austria,4% Gold Rentes,87.0
1885-11-30,Austria,4% Gold Rentes,87.0
1885-12-31,Austria,4% Gold Rentes,88.0
1886-01-31,Austria,4% Gold Rentes,89.0
1886-02-28,Austria,4% Gold Rentes,92.0
1886-03-31,Austria,4% Gold Rentes,92.0
1886-04-30,Austria,4% Gold Rentes,90.0
1886-05-31,Austria,4% Gold Rentes,92.0
1886-06-30,Austria,4% Gold Rentes,94.0
1886-07-31,Austria,4% Gold Rentes,96.0
1886-08-31,Austria,4% Gold Rentes,96.0
1886-09-30,Austria,4% Gold Rentes,95.0
1886-10-31,Austria,4% Gold Rentes,91.0
1886-11-30,Austria,4% Gold Rentes,91.0
1886-12-31,Austria,4% Gold Rentes,89.0
1887-01-31,Austria,4% Gold Rentes,86.0
1887-02-28,Austria,4% Gold Rentes,86.0
1887-03-31,Austria,4% Gold Rentes,90.0
1887-04-30,Austria,4% Gold Rentes,89.0
1887-05-31,Austria,4% Gold Rentes,89.0
1887-06-30,Austria,4% Gold Rentes,90.0
1887-07-31,Austria,4% Gold Rentes,90.0
1887-08-31,Austria,4% Gold Rentes,90.0
1887-09-30,Austria,4% Gold Rentes,91.0
1887-10-31,Austria,4% Gold Rentes,89.0
1887-11-30,Austria,4% Gold Rentes,89.0
1887-12-31,Austria,4% Gold Rentes,81.0
1888-01-31,Austria,4% Gold Rentes,87.0
1888-02-29,Austria,4% Gold Rentes,86.0
1888-03-31,Austria,4% Gold Rentes,87.0
1888-04-30,Austria,4% Gold Rentes,87.0
1888-05-31,Austria,4% Gold Rentes,87.0
1888-06-30,Austria,4% Gold Rentes,89.0
1888-07-31,Austria,4% Gold Rentes,91.0
1888-08-31,Austria,4% Gold Rentes,91.0
1888-09-30,Austria,4% Gold Rentes,92.0
1888-10-31,Austria,4% Gold Rentes,91.0
1888-11-30,Austria,4% Gold Rentes,90.0
1888-12-31,Austria,4% Gold Rentes,91.0
1889-01-31,Austria,4% Gold Rentes,93.0
1889-02-28,Austria,4% Gold Rentes,93.0
1889-03-31,Austria,4% Gold Rentes,94.0
1889-04-30,Austria,4% Gold Rentes,93.0
1889-05-31,Austria,4% Gold Rentes,93.0
1889-06-30,Austria,4% Gold Rentes,92.0
1889-07-31,Austria,4% Gold Rentes,93.0
1889-08-31,Austria,4% Gold Rentes,93.0
1889-09-30,Austria,4% Gold Rentes,94.0
1889-10-31,Austria,4% Gold Rentes,92.0
1889-11-30,Austria,4% Gold Rentes,92.0
1889-12-31,Austria,4% Gold Rentes,93.0
1890-01-31,Austria,4% Gold Rentes,94.0
1890-02-28,Austria,4% Gold Rentes,94.0
1890-03-31,Austria,4% Gold Rentes,94.0
1890-04-30,Austria,4% Gold Rentes,93.0
1890-05-31,Austria,4% Gold Rentes,95.0
1890-06-30,Austria,4% Gold Rentes,94.0
1890-07-31,Austria,4% Gold Rentes,95.0
1890-08-31,Austria,4% Gold Rentes,96.0
1890-09-30,Austria,4% Gold Rentes,96.0
1890-10-31,Austria,4% Gold Rentes,94.0
1890-11-30,Austria,4% Gold Rentes,94.0
1890-12-31,Austria,4% Gold Rentes,94.0
1891-01-31,Austria,4% Gold Rentes,97.0
1891-02-28,Austria,4% Gold Rentes,98.0
1891-03-31,Austria,4% Gold Rentes,98.0
1891-04-30,Austria,4% Gold Rentes,96.0
1891-05-31,Austria,4% Gold Rentes,94.0
1891-06-30,Austria,4% Gold Rentes,95.0
1891-07-31,Austria,4% Gold Rentes,95.0
1891-08-31,Austria,4% Gold Rentes,96.0
1891-09-30,Austria,4% Gold Rentes,95.0
1891-10-31,Austria,4% Gold Rentes,93.0
1891-11-30,Austria,4% Gold Rentes,91.5
1891-12-31,Austria,4% Gold Rentes,92.0
1892-01-31,Austria,4% Gold Rentes,95.0
1892-02-29,Austria,4% Gold Rentes,95.0
1892-03-31,Austria,4% Gold Rentes,95.0
1892-04-30,Austria,4% Gold Rentes,92.0
1892-05-31,Austria,4% Gold Rentes,95.0
1892-06-30,Austria,4% Gold Rentes,95.0
1892-07-31,Austria,4% Gold Rentes,96.0
1892-08-31,Austria,4% Gold Rentes,96.0
1892-09-30,Austria,4% Gold Rentes,98.0
1892-10-31,Austria,4% Gold Rentes,97.0
1892-11-30,Austria,4% Gold Rentes,97.0
1892-12-31,Austria,4% Gold Rentes,98.0
1893-01-31,Austria,4% Gold Rentes,98.0
1893-02-28,Austria,4% Gold Rentes,99.0
1893-03-31,Austria,4% Gold Rentes,99.0
1893-04-30,Austria,4% Gold Rentes,96.0
1893-05-31,Austria,4% Gold Rentes,95.0
1893-06-30,Austria,4% Gold Rentes,96.0
1893-07-31,Austria,4% Gold Rentes,96.0
1893-08-31,Austria,4% Gold Rentes,95.0
1893-09-30,Austria,4% Gold Rentes,96.0
1893-10-31,Austria,4% Gold Rentes,95.0
1893-11-30,Austria,4% Gold Rentes,94.5
1893-12-31,Austria,4% Gold Rentes,96.0
1894-01-31,Austria,4% Gold Rentes,97.0
1894-02-28,Austria,4% Gold Rentes,97.0
1894-03-31,Austria,4% Gold Rentes,98.0
1894-04-30,Austria,4% Gold Rentes,96.0
1894-05-31,Austria,4% Gold Rentes,97.0
1894-06-30,Austria,4% Gold Rentes,98.0
1894-07-31,Austria,4% Gold Rentes,100.0
1894-08-31,Austria,4% Gold Rentes,100.0
1894-09-30,Austria,4% Gold Rentes,102.0
1894-10-31,Austria,4% Gold Rentes,100.0
1894-11-30,Austria,4% Gold Rentes,100.0
1894-12-31,Austria,4% Gold Rentes,101.0
1895-01-31,Austria,4% Gold Rentes,102.0
1895-02-28,Austria,4% Gold Rentes,103.0
1895-03-31,Austria,4% Gold Rentes,103.0
1895-04-30,Austria,4% Gold Rentes,101.0
1895-05-31,Austria,4% Gold Rentes,102.0
1895-06-30,Austria,4% Gold Rentes,102.0
1895-07-31,Austria,4% Gold Rentes,103.0
1895-08-31,Austria,4% Gold Rentes,103.0
1895-09-30,Austria,4% Gold Rentes,103.0
1895-10-31,Austria,4% Gold Rentes,102.0
1895-11-30,Austria,4% Gold Rentes,102.0
1895-12-31,Austria,4% Gold Rentes,101.0
1896-01-31,Austria,4% Gold Rentes,102.0
1896-02-29,Austria,4% Gold Rentes,103.0
1896-03-31,Austria,4% Gold Rentes,103.0
1896-04-30,Austria,4% Gold Rentes,102.0
1896-05-31,Austria,4% Gold Rentes,103.0
1896-06-30,Austria,4% Gold Rentes,104.0
1896-07-31,Austria,4% Gold Rentes,105.0
1896-08-31,Austria,4% Gold Rentes,105.0
1896-09-30,Austria,4% Gold Rentes,105.0
1896-10-31,Austria,4% Gold Rentes,102.0
1896-11-30,Austria,4% Gold Rentes,103.0
1896-12-31,Austria,4% Gold Rentes,104.0
1897-01-31,Austria,4% Gold Rentes,105.0
1897-02-28,Austria,4% Gold Rentes,104.0
1897-03-31,Austria,4% Gold Rentes,104.0
1897-04-30,Austria,4% Gold Rentes,103.0
1897-05-31,Austria,4% Gold Rentes,103.0
1897-06-30,Austria,4% Gold Rentes,105.0
1897-07-31,Austria,4% Gold Rentes,104.0
1897-08-31,Austria,4% Gold Rentes,105.0
1897-09-30,Austria,4% Gold Rentes,106.0
1897-10-31,Austria,4% Gold Rentes,104.0
1897-11-30,Austria,4% Gold Rentes,104.0
1897-12-31,Austria,4% Gold Rentes,102.0
1898-01-31,Austria,4% Gold Rentes,102.0
1898-02-28,Austria,4% Gold Rentes,103.0
1898-03-31,Austria,4% Gold Rentes,104.0
1898-04-30,Austria,4% Gold Rentes,100.0
1898-05-31,Austria,4% Gold Rentes,101.0
1898-06-30,Austria,4% Gold Rentes,102.0
1898-07-31,Austria,4% Gold Rentes,102.0
1898-08-31,Austria,4% Gold Rentes,102.0
1898-09-30,Austria,4% Gold Rentes,103.0
1898-10-31,Austria,4% Gold Rentes,100.0
1898-11-30,Austria,4% Gold Rentes,100.0
1898-12-31,Austria,4% Gold Rentes,100.0
1899-01-31,Austria,4% Gold Rentes,102.0
1899-02-28,Austria,4% Gold Rentes,102.0
1899-03-31,Austria,4% Gold Rentes,102.0
1899-04-30,Austria,4% Gold Rentes,100.0
1899-05-31,Austria,4% Gold Rentes,100.0
1899-06-30,Austria,4% Gold Rentes,100.0
1899-07-31,Austria,4% Gold Rentes,100.0
1899-08-31,Austria,4% Gold Rentes,100.0
1899-09-30,Austria,4% Gold Rentes,100.0
1899-10-31,Austria,4% Gold Rentes,97.0
1899-11-30,Austria,4% Gold Rentes,98.0
1899-12-31,Austria,4% Gold Rentes,96.0
1900-01-31,Austria,4% Gold Rentes,99.0
1900-02-28,Austria,4% Gold Rentes,99.0
1900-03-31,Austria,4% Gold Rentes,100.0
1900-04-30,Austria,4% Gold Rentes,98.0
1900-05-31,Austria,4% Gold Rentes,95.0
1900-06-30,Austria,4% Gold Rentes,96.0
1900-07-31,Austria,4% Gold Rentes,96.0
1900-08-31,Austria,4% Gold Rentes,97.0
1900-09-30,Austria,4% Gold Rentes,98.0
1900-10-31,Austria,4% Gold Rentes,95.0
1900-11-30,Austria,4% Gold Rentes,97.0
1900-12-31,Austria,4% Gold Rentes,99.0
1901-01-31,Austria,4% Gold Rentes,99.0
1901-02-28,Austria,4% Gold Rentes,99.0
1901-03-31,Austria,4% Gold Rentes,99.0
1901-04-30,Austria,4% Gold Rentes,97.0
1901-05-31,Austria,4% Gold Rentes,98.0
1901-06-30,Austria,4% Gold Rentes,99.0
1901-07-31,Austria,4% Gold Rentes,99.0
1901-08-31,Austria,4% Gold Rentes,100.0
1901-09-30,Austria,4% Gold Rentes,101.0
1901-10-31,Austria,4% Gold Rentes,100.0
1901-11-30,Austria,4% Gold Rentes,100.0
1901-12-31,Austria,4% Gold Rentes,100.0
1902-01-31,Austria,4% Gold Rentes,101.0
1902-02-28,Austria,4% Gold Rentes,102.0
1902-03-31,Austria,4% Gold Rentes,102.0
1902-04-30,Austria,4% Gold Rentes,101.0
1902-05-31,Austria,4% Gold Rentes,101.0
1902-06-30,Austria,4% Gold Rentes,102.0
1902-07-31,Austria,4% Gold Rentes,103.0
1902-08-31,Austria,4% Gold Rentes,103.0
1902-09-30,Austria,4% Gold Rentes,103.0
1902-10-31,Austria,4% Gold Rentes,101.0
1902-11-30,Austria,4% Gold Rentes,101.0
1902-12-31,Austria,4% Gold Rentes,101.0
1903-01-31,Austria,4% Gold Rentes,102.0
1903-02-28,Austria,4% Gold Rentes,102.0
1903-03-31,Austria,4% Gold Rentes,103.0
1903-04-30,Austria,4% Gold Rentes,102.0
1903-05-31,Austria,4% Gold Rentes,102.0
1903-06-30,Austria,4% Gold Rentes,102.0
1903-07-31,Austria,4% Gold Rentes,102.0
1903-08-31,Austria,4% Gold Rentes,102.0
1903-09-30,Austria,4% Gold Rentes,102.0
1903-10-31,Austria,4% Gold Rentes,100.0
1903-11-30,Austria,4% Gold Rentes,101.0
1903-12-31,Austria,4% Gold Rentes,101.0
1904-01-31,Austria,4% Gold Rentes,102.0
1904-02-29,Austria,4% Gold Rentes,99.0
1904-03-31,Austria,4% Gold Rentes,100.0
1904-04-30,Austria,4% Gold Rentes,100.0
1904-05-31,Austria,4% Gold Rentes,100.0
1904-06-30,Austria,4% Gold Rentes,100.0
1904-07-31,Austria,4% Gold Rentes,101.0
1904-08-31,Austria,4% Gold Rentes,101.0
1904-09-30,Austria,4% Gold Rentes,101.0
1904-10-31,Austria,4% Gold Rentes,100.0
1904-11-30,Austria,4% Gold Rentes,100.0
1904-12-31,Austria,4% Gold Rentes,101.0
1905-01-31,Austria,4% Gold Rentes,101.0
1905-02-28,Austria,4% Gold Rentes,102.0
1905-03-31,Austria,4% Gold Rentes,102.0
1905-04-30,Austria,4% Gold Rentes,100.0
1905-05-31,Austria,4% Gold Rentes,100.0
1905-06-30,Austria,4% Gold Rentes,100.0
1905-07-31,Austria,4% Gold Rentes,101.0
1905-08-31,Austria,4% Gold Rentes,101.0
1905-09-30,Austria,4% Gold Rentes,102.0
1905-10-31,Austria,4% Gold Rentes,99.0
1905-11-30,Austria,4% Gold Rentes,99.0
1905-12-31,Austria,4% Gold Rentes,99.0
1906-01-31,Austria,4% Gold Rentes,100.0
1906-02-28,Austria,4% Gold Rentes,100.0
1906-03-31,Austria,4% Gold Rentes,100.0
1906-04-30,Austria,4% Gold Rentes,99.0
1906-05-31,Austria,4% Gold Rentes,99.0
1906-06-30,Austria,4% Gold Rentes,99.0
1906-07-31,Austria,4% Gold Rentes,99.0
1906-08-31,Austria,4% Gold Rentes,99.0
1906-09-30,Austria,4% Gold Rentes,99.0
1906-10-31,Austria,4% Gold Rentes,97.0
1906-11-30,Austria,4% Gold Rentes,98.0
1906-12-31,Austria,4% Gold Rentes,98.0
1907-01-31,Austria,4% Gold Rentes,98.0
1907-02-28,Austria,4% Gold Rentes,99.0
1907-03-31,Austria,4% Gold Rentes,99.0
1907-04-30,Austria,4% Gold Rentes,98.0
1907-05-31,Austria,4% Gold Rentes,98.0
1907-06-30,Austria,4% Gold Rentes,98.0
1907-07-31,Austria,4% Gold Rentes,95.5
1907-08-31,Austria,4% Gold Rentes,97.0
1907-09-30,Austria,4% Gold Rentes,98.0
1907-10-31,Austria,4% Gold Rentes,96.0
1907-11-30,Austria,4% Gold Rentes,95.0
1907-12-31,Austria,4% Gold Rentes,95.0
1908-01-31,Austria,4% Gold Rentes,99.0
1908-02-29,Austria,4% Gold Rentes,99.0
1908-03-31,Austria,4% Gold Rentes,99.0
1908-04-30,Austria,4% Gold Rentes,97.0
1908-05-31,Austria,4% Gold Rentes,98.0
1908-06-30,Austria,4% Gold Rentes,98.0
1908-07-31,Austria,4% Gold Rentes,98.0
1908-08-31,Austria,4% Gold Rentes,99.0
1908-09-30,Austria,4% Gold Rentes,99.0
1908-10-31,Austria,4% Gold Rentes,97.0
1908-11-30,Austria,4% Gold Rentes,96.0
1908-12-31,Austria,4% Gold Rentes,96.0
1909-01-31,Austria,4% Gold Rentes,97.0
1909-02-28,Austria,4% Gold Rentes,98.0
1909-03-31,Austria,4% Gold Rentes,99.0
1909-04-30,Austria,4% Gold Rentes,98.0
1909-05-31,Austria,4% Gold Rentes,98.0
1909-06-30,Austria,4% Gold Rentes,98.0
1909-07-31,Austria,4% Gold Rentes,99.0
1909-08-31,Austria,4% Gold Rentes,100.0
1909-09-30,Austria,4% Gold Rentes,100.0
1909-10-31,Austria,4% Gold Rentes,98.0
1909-11-30,Austria,4% Gold Rentes,98.0
1909-12-31,Austria,4% Gold Rentes,99.0
1910-01-31,Austria,4% Gold Rentes,99.0
1910-02-28,Austria,4% Gold Rentes,100.0
1910-03-31,Austria,4% Gold Rentes,100.0
1910-04-30,Austria,4% Gold Rentes,98.0
1910-05-31,Austria,4% Gold Rentes,98.0
1910-06-30,Austria,4% Gold Rentes,97.5
1910-07-31,Austria,4% Gold Rentes,97.5
1910-08-31,Austria,4% Gold Rentes,98.5
1910-09-30,Austria,4% Gold Rentes,98.5
1910-10-31,Austria,4% Gold Rentes,96.5
1910-11-30,Austria,4% Gold Rentes,97.5
1910-12-31,Austria,4% Gold Rentes,98.0
1911-01-31,Austria,4% Gold Rentes,98.0
1911-02-28,Austria,4% Gold Rentes,98.0
1911-03-31,Austria,4% Gold Rentes,98.0
1911-04-30,Austria,4% Gold Rentes,97.0
1911-05-31,Austria,4% Gold Rentes,98.0
1911-06-30,Austria,4% Gold Rentes,99.0
1911-07-31,Austria,4% Gold Rentes,99.0
1911-08-31,Austria,4% Gold Rentes,99.0
1911-09-30,Austria,4% Gold Rentes,98.0
1911-10-31,Austria,4% Gold Rentes,98.0
1911-11-30,Austria,4% Gold Rentes,97.0
1911-12-31,Austria,4% Gold Rentes,97.0
1912-01-31,Austria,4% Gold Rentes,96.0
1912-02-29,Austria,4% Gold Rentes,97.0
1912-03-31,Austria,4% Gold Rentes,97.0
1912-04-30,Austria,4% Gold Rentes,95.0
1912-05-31,Austria,4% Gold Rentes,96.0
1912-06-30,Austria,4% Gold Rentes,95.5
1912-07-31,Austria,4% Gold Rentes,96.0
1912-08-31,Austria,4% Gold Rentes,96.0
1912-09-30,Austria,4% Gold Rentes,96.0
1912-10-31,Austria,4% Gold Rentes,91.5
1912-11-30,Austria,4% Gold Rentes,91.5
1912-12-31,Austria,4% Gold Rentes,90.5
1913-01-31,Austria,4% Gold Rentes,91.5
1913-02-28,Austria,4% Gold Rentes,91.5
1913-03-31,Austria,4% Gold Rentes,90.5
1913-04-30,Austria,4% Gold Rentes,89.5
1913-05-31,Austria,4% Gold Rentes,88.5
1913-06-30,Austria,4% Gold Rentes,85.5
1913-07-31,Austria,4% Gold Rentes,87.5
1913-08-31,Austria,4% Gold Rentes,91.5
1913-09-30,Austria,4% Gold Rentes,91.5
1913-10-31,Austria,4% Gold Rentes,87.5
1913-11-30,Austria,4% Gold Rentes,86.5
1913-12-31,Austria,4% Gold Rentes,87.5
1914-01-31,Austria,4% Gold Rentes,88.5
1914-02-28,Austria,4% Gold Rentes,90.5
1914-03-31,Austria,4% Gold Rentes,88.5
1914-04-30,Austria,4% Gold Rentes,85.5
1914-05-31,Austria,4% Gold Rentes,84.5
1914-06-30,Austria,4% Gold Rentes,83.5
1914-07-31,Austria,4% Gold Rentes,81.5
1915-03-31,Austria,4% Gold Rentes,53.12
1915-04-30,Austria,4% Gold Rentes,55.5
1915-05-31,Austria,4% Gold Rentes,56.62
1915-06-30,Austria,4% Gold Rentes,59.0
1915-07-31,Austria,4% Gold Rentes,62.25
1915-08-31,Austria,4% Gold Rentes,64.0
1915-09-30,Austria,4% Gold Rentes,63.87
1915-10-31,Austria,4% Gold Rentes,61.0
1915-11-30,Austria,4% Gold Rentes,60.5
1915-12-31,Austria,4% Gold Rentes,60.5
1916-01-31,Austria,4% Gold Rentes,48.37
1916-02-29,Austria,4% Gold Rentes,48.5
1916-03-31,Austria,4% Gold Rentes,48.0
1916-04-30,Austria,4% Gold Rentes,49.0
1916-05-31,Austria,4% Gold Rentes,40.0
1916-06-30,Austria,4% Gold Rentes,51.5
1916-07-31,Austria,4% Gold Rentes,50.75
1916-08-31,Austria,4% Gold Rentes,52.5
1916-09-30,Austria,4% Gold Rentes,48.0
1916-10-31,Austria,4% Gold Rentes,49.0
1916-11-30,Austria,4% Gold Rentes,45.75
1916-12-31,Austria,4% Gold Rentes,46.25
1917-01-31,Austria,4% Gold Rentes,46.0
1917-02-28,Austria,4% Gold Rentes,46.5
1917-03-31,Austria,4% Gold Rentes,46.0
1917-04-30,Austria,4% Gold Rentes,46.25
1917-05-31,Austria,4% Gold Rentes,45.5
1917-06-30,Austria,4% Gold Rentes,46.75
1917-07-31,Austria,4% Gold Rentes,46.25
1918-03-31,Austria,4% Gold Rentes,47.0
1918-04-30,Austria,4% Gold Rentes,47.0
1918-05-31,Austria,4% Gold Rentes,55.0
1918-06-30,Austria,4% Gold Rentes,55.0
1918-09-30,Austria,4% Gold Rentes,44.0
1918-10-31,Austria,4% Gold Rentes,44.0
1918-11-30,Austria,4% Gold Rentes,52.0
1918-12-31,Austria,4% Gold Rentes,52.0
1919-01-31,Austria,4% Gold Rentes,52.0
1919-02-28,Austria,4% Gold Rentes,52.0
1919-03-31,Austria,4% Gold Rentes,52.0
1919-04-30,Austria,4% Gold Rentes,52.0
1919-05-31,Austria,4% Gold Rentes,39.0
1919-06-30,Austria,4% Gold Rentes,35.37
1919-07-31,Austria,4% Gold Rentes,37.5
1919-08-31,Austria,4% Gold Rentes,37.5
1919-09-30,Austria,4% Gold Rentes,37.5
1919-10-31,Austria,4% Gold Rentes,37.5
1919-11-30,Austria,4% Gold Rentes,37.5
1919-12-31,Austria,4% Gold Rentes,37.5
1920-01-31,Austria,4% Gold Rentes,37.5
1920-02-29,Austria,4% Gold Rentes,37.5
1920-03-31,Austria,4% Gold Rentes,37.5
1920-04-30,Austria,4% Gold Rentes,37.5
1926-08-31,Austria,4% Gold Rentes,14.5
1927-04-30,Austria,4% Gold Rentes,22.5
1927-05-31,Austria,4% Gold Rentes,23.5
1927-06-30,Austria,4% Gold Rentes,23.5
1927-07-31,Austria,4% Gold Rentes,23.5
1927-08-31,Austria,4% Gold Rentes,23.5
1927-09-30,Austria,4% Gold Rentes,23.5
1927-10-31,Austria,4% Gold Rentes,25.5
1927-11-30,Austria,4% Gold Rentes,29.5
1927-12-31,Austria,4% Gold Rentes,29.5
1928-01-31,Austria,4% Gold Rentes,29.5
1928-02-29,Austria,4% Gold Rentes,29.5
1928-03-31,Austria,4% Gold Rentes,29.5
1928-04-30,Austria,4% Gold Rentes,28.5
1928-05-31,Austria,4% Gold Rentes,30.5
1928-06-30,Austria,4% Gold Rentes,30.5
1928-07-31,Austria,4% Gold Rentes,30.5
1928-08-31,Austria,4% Gold Rentes,29.5
1881-07-31,France,3% Rentes,84.5
1881-08-31,France,3% Rentes,85.0
1881-09-30,France,3% Rentes,84.25
1881-10-31,France,3% Rentes,83.0
1881-11-30,France,3% Rentes,84.5
1881-12-31,France,3% Rentes,83.75
1882-01-31,France,3% Rentes,82.0
1882-02-28,France,3% Rentes,81.75
1882-03-31,France,3% Rentes,83.0
1882-04-30,France,3% Rentes,83.0
1882-05-31,France,3% Rentes,83.5
1882-06-30,France,3% Rentes,81.25
1882-07-31,France,3% Rentes,81.0
1882-08-31,France,3% Rentes,81.75
1882-09-30,France,3% Rentes,82.0
1882-10-31,France,3% Rentes,80.25
1882-11-30,France,3% Rentes,79.25
1882-12-31,France,3% Rentes,79.5
1883-02-28,France,3% Rentes,79.5
1883-03-31,France,3% Rentes,80.5
1883-04-30,France,3% Rentes,79.25
1883-05-31,France,3% Rentes,79.25
1883-07-31,France,3% Rentes,78.0
1883-08-31,France,3% Rentes,78.5
1883-10-31,France,3% Rentes,77.25
1883-11-30,France,3% Rentes,76.5
1884-01-31,France,3% Rentes,76.75
1884-02-29,France,3% Rentes,75.25
1884-03-31,France,3% Rentes,75.75
1884-04-30,France,3% Rentes,77.0
1884-05-31,France,3% Rentes,78.25
1884-06-30,France,3% Rentes,77.25
1884-07-31,France,3% Rentes,77.0
1884-08-31,France,3% Rentes,77.25
1884-09-30,France,3% Rentes,78.75
1884-10-31,France,3% Rentes,77.5
1884-11-30,France,3% Rentes,78.0
1884-12-31,France,3% Rentes,78.25
1885-01-31,France,3% Rentes,78.0
1885-02-28,France,3% Rentes,80.0
1885-03-31,France,3% Rentes,79.75
1885-04-30,France,3% Rentes,76.5
1885-05-31,France,3% Rentes,79.75
1885-06-30,France,3% Rentes,81.25
1885-07-31,France,3% Rentes,80.5
1885-08-31,France,3% Rentes,80.62
1885-09-30,France,3% Rentes,80.75
1885-10-31,France,3% Rentes,79.5
1885-11-30,France,3% Rentes,79.25
1885-12-31,France,3% Rentes,80.25
1886-01-31,France,3% Rentes,81.0
1886-02-28,France,3% Rentes,82.0
1886-04-30,France,3% Rentes,81.25
1886-05-31,France,3% Rentes,81.25
1886-07-31,France,3% Rentes,82.25
1886-08-31,France,3% Rentes,81.75
1886-11-30,France,3% Rentes,82.0
1887-01-31,France,3% Rentes,79.0
1887-02-28,France,3% Rentes,77.5
1887-03-31,France,3% Rentes,80.25
1887-04-30,France,3% Rentes,79.0
1887-05-31,France,3% Rentes,80.25
1887-06-30,France,3% Rentes,81.0
1887-07-31,France,3% Rentes,80.25
1887-08-31,France,3% Rentes,80.75
1887-09-30,France,3% Rentes,81.0
1887-10-31,France,3% Rentes,80.75
1887-11-30,France,3% Rentes,79.75
1887-12-31,France,3% Rentes,80.75
1888-01-31,France,3% Rentes,80.25
1888-02-29,France,3% Rentes,81.0
1888-03-31,France,3% Rentes,82.0
1888-04-30,France,3% Rentes,81.0
1888-05-31,France,3% Rentes,81.75
1888-06-30,France,3% Rentes,82.75
1888-07-31,France,3% Rentes,82.5
1888-08-31,France,3% Rentes,82.5
1888-09-30,France,3% Rentes,82.5
1888-10-31,France,3% Rentes,81.5
1888-11-30,France,3% Rentes,82.0
1888-12-31,France,3% Rentes,82.25
1889-07-31,France,3% Rentes,83.5
1889-08-31,France,3% Rentes,84.75
1889-10-31,France,3% Rentes,86.5
1889-11-30,France,3% Rentes,86.5
1890-01-31,France,3% Rentes,87.0
1890-02-28,France,3% Rentes,87.0
1890-03-31,France,3% Rentes,87.75
1890-04-30,France,3% Rentes,88.5
1890-05-31,France,3% Rentes,89.5
1890-06-30,France,3% Rentes,91.75
1890-07-31,France,3% Rentes,91.5
1890-08-31,France,3% Rentes,93.5
1890-09-30,France,3% Rentes,94.75
1890-10-31,France,3% Rentes,93.0
1890-11-30,France,3% Rentes,93.75
1890-12-31,France,3% Rentes,95.0
1891-07-31,France,3% Rentes,94.0
1891-08-31,France,3% Rentes,94.5
1891-10-31,France,3% Rentes,94.5
1891-11-30,France,3% Rentes,94.5
1892-01-31,France,3% Rentes,95.0
1892-02-29,France,3% Rentes,94.5
1892-03-31,France,3% Rentes,96.5
1892-04-30,France,3% Rentes,96.0
1892-05-31,France,3% Rentes,97.5
1892-06-30,France,3% Rentes,99.0
1892-07-31,France,3% Rentes,98.0
1892-08-31,France,3% Rentes,99.0
1892-09-30,France,3% Rentes,99.5
1892-10-31,France,3% Rentes,99.0
1892-11-30,France,3% Rentes,98.5
1892-12-31,France,3% Rentes,96.0
1893-07-31,France,3% Rentes,96.75
1893-10-31,France,3% Rentes,97.5
1893-11-30,France,3% Rentes,98.5
1894-01-31,France,3% Rentes,97.0
1894-02-28,France,3% Rentes,98.0
1894-03-31,France,3% Rentes,99.0
1894-04-30,France,3% Rentes,99.0
1894-05-31,France,3% Rentes,100.0
1894-06-30,France,3% Rentes,100.5
1894-07-31,France,3% Rentes,100.5
1894-08-31,France,3% Rentes,102.5
1894-09-30,France,3% Rentes,107.5
1894-10-31,France,3% Rentes,107.5
1894-11-30,France,3% Rentes,106.5
1894-12-31,France,3% Rentes,107.0
1895-01-31,France,3% Rentes,107.5
1895-02-28,France,3% Rentes,107.0
1895-03-31,France,3% Rentes,106.5
1895-04-30,France,3% Rentes,101.5
1895-05-31,France,3% Rentes,101.5
1895-06-30,France,3% Rentes,101.5
1895-07-31,France,3% Rentes,101.0
1895-08-31,France,3% Rentes,101.0
1895-09-30,France,3% Rentes,100.0
1895-10-31,France,3% Rentes,99.5
1895-11-30,France,3% Rentes,99.5
1895-12-31,France,3% Rentes,99.5
1896-01-31,France,3% Rentes,101.0
1896-02-29,France,3% Rentes,102.0
1896-03-31,France,3% Rentes,101.5
1896-04-30,France,3% Rentes,101.5
1896-05-31,France,3% Rentes,101.5
1896-06-30,France,3% Rentes,101.0
1896-07-31,France,3% Rentes,101.0
1896-08-31,France,3% Rentes,102.0
1896-09-30,France,3% Rentes,101.5
1896-10-31,France,3% Rentes,101.0
1896-11-30,France,3% Rentes,101.5
1896-12-31,France,3% Rentes,102.0
1897-01-31,France,3% Rentes,102.0
1897-02-28,France,3% Rentes,101.5
1897-03-31,France,3% Rentes,102.5
1897-04-30,France,3% Rentes,102.0
1897-05-31,France,3% Rentes,103.0
1897-06-30,France,3% Rentes,103.5
1897-07-31,France,3% Rentes,104.5
1897-08-31,France,3% Rentes,104.0
1897-09-30,France,3% Rentes,103.0
1897-10-31,France,3% Rentes,102.0
1897-11-30,France,3% Rentes,103.0
1897-12-31,France,3% Rentes,102.5
1898-01-31,France,3% Rentes,102.0
1898-02-28,France,3% Rentes,102.5
1898-03-31,France,3% Rentes,102.5
1898-04-30,France,3% Rentes,100.5
1898-05-31,France,3% Rentes,101.5
1898-06-30,France,3% Rentes,102.0
1898-07-31,France,3% Rentes,102.0
1898-08-31,France,3% Rentes,102.5
1898-09-30,France,3% Rentes,102.0
1898-10-31,France,3% Rentes,100.0
1898-11-30,France,3% Rentes,101.0
1898-12-31,France,3% Rentes,101.5
1899-01-31,France,3% Rentes,101.5
1899-02-28,France,3% Rentes,102.0
1899-03-31,France,3% Rentes,102.0
1899-04-30,France,3% Rentes,101.0
1899-05-31,France,3% Rentes,101.5
1899-06-30,France,3% Rentes,101.0
1899-07-31,France,3% Rentes,99.5
1899-08-31,France,3% Rentes,99.0
1899-09-30,France,3% Rentes,100.0
1899-10-31,France,3% Rentes,99.0
1899-11-30,France,3% Rentes,99.0
1899-12-31,France,3% Rentes,98.0
1900-01-31,France,3% Rentes,99.0
1900-02-28,France,3% Rentes,100.0
1900-03-31,France,3% Rentes,101.0
1900-04-30,France,3% Rentes,100.0
1900-05-31,France,3% Rentes,100.0
1900-06-30,France,3% Rentes,100.0
1900-07-31,France,3% Rentes,99.0
1900-08-31,France,3% Rentes,100.0
1900-09-30,France,3% Rentes,100.0
1900-10-31,France,3% Rentes,99.0
1900-11-30,France,3% Rentes,100.0
1900-12-31,France,3% Rentes,101.0
1901-01-31,France,3% Rentes,101.0
1901-02-28,France,3% Rentes,101.0
1901-03-31,France,3% Rentes,102.0
1901-04-30,France,3% Rentes,100.0
1901-05-31,France,3% Rentes,101.0
1901-06-30,France,3% Rentes,100.0
1901-07-31,France,3% Rentes,100.0
1901-08-31,France,3% Rentes,101.0
1901-09-30,France,3% Rentes,101.0
1901-10-31,France,3% Rentes,101.0
1901-11-30,France,3% Rentes,100.0
1901-12-31,France,3% Rentes,101.0
1902-01-31,France,3% Rentes,100.0
1902-02-28,France,3% Rentes,100.0
1902-03-31,France,3% Rentes,100.0
1902-04-30,France,3% Rentes,100.0
1902-05-31,France,3% Rentes,100.0
1902-06-30,France,3% Rentes,101.0
1902-07-31,France,3% Rentes,100.0
1902-08-31,France,3% Rentes,100.0
1902-09-30,France,3% Rentes,100.0
1902-10-31,France,3% Rentes,99.0
1902-11-30,France,3% Rentes,99.0
1902-12-31,France,3% Rentes,99.0
1903-01-31,France,3% Rentes,99.0
1903-02-28,France,3% Rentes,99.0
1903-03-31,France,3% Rentes,99.0
1903-04-30,France,3% Rentes,98.0
1903-05-31,France,3% Rentes,97.0
1903-06-30,France,3% Rentes,98.0
1903-07-31,France,3% Rentes,97.0
1903-08-31,France,3% Rentes,97.0
1903-09-30,France,3% Rentes,96.0
1903-10-31,France,3% Rentes,96.0
1903-11-30,France,3% Rentes,97.0
1903-12-31,France,3% Rentes,97.0
1904-01-31,France,3% Rentes,97.0
1904-02-29,France,3% Rentes,95.0
1904-03-31,France,3% Rentes,96.0
1904-04-30,France,3% Rentes,97.0
1904-05-31,France,3% Rentes,97.0
1904-06-30,France,3% Rentes,98.0
1904-07-31,France,3% Rentes,97.0
1904-08-31,France,3% Rentes,97.0
1904-09-30,France,3% Rentes,98.0
1904-10-31,France,3% Rentes,98.0
1904-11-30,France,3% Rentes,98.0
1904-12-31,France,3% Rentes,98.0
1905-01-31,France,3% Rentes,98.0
1905-02-28,France,3% Rentes,99.0
1905-03-31,France,3% Rentes,100.0
1905-04-30,France,3% Rentes,98.0
1905-05-31,France,3% Rentes,99.0
1905-06-30,France,3% Rentes,98.0
1905-07-31,France,3% Rentes,99.0
1905-08-31,France,3% Rentes,99.0
1905-09-30,France,3% Rentes,100.0
1905-10-31,France,3% Rentes,99.0
1905-11-30,France,3% Rentes,99.0
1905-12-31,France,3% Rentes,99.0
1906-01-31,France,3% Rentes,99.0
1906-02-28,France,3% Rentes,99.0
1906-03-31,France,3% Rentes,99.0
1906-04-30,France,3% Rentes,98.0
1906-05-31,France,3% Rentes,98.0
1906-06-30,France,3% Rentes,97.0
1906-07-31,France,3% Rentes,96.0
1906-08-31,France,3% Rentes,97.0
1906-09-30,France,3% Rentes,97.0
1906-10-31,France,3% Rentes,95.0
1906-11-30,France,3% Rentes,95.0
1906-12-31,France,3% Rentes,95.0
1907-01-31,France,3% Rentes,94.0
1907-02-28,France,3% Rentes,95.0
1907-03-31,France,3% Rentes,94.0
1907-04-30,France,3% Rentes,94.0
1907-05-31,France,3% Rentes,94.0
1907-06-30,France,3% Rentes,94.0
1907-07-31,France,3% Rentes,95.0
1907-08-31,France,3% Rentes,94.0
1907-09-30,France,3% Rentes,94.0
1907-10-31,France,3% Rentes,94.0
1907-11-30,France,3% Rentes,94.0
1907-12-31,France,3% Rentes,95.0
1908-01-31,France,3% Rentes,95.0
1908-02-29,France,3% Rentes,96.0
1908-03-31,France,3% Rentes,97.0
1908-04-30,France,3% Rentes,96.0
1908-05-31,France,3% Rentes,95.0
1908-06-30,France,3% Rentes,95.0
1908-07-31,France,3% Rentes,95.0
1908-08-31,France,3% Rentes,96.0
1908-09-30,France,3% Rentes,96.0
1908-10-31,France,3% Rentes,95.0
1908-11-30,France,3% Rentes,96.0
1908-12-31,France,3% Rentes,97.0
1909-01-31,France,3% Rentes,96.0
1909-02-28,France,3% Rentes,97.0
1909-03-31,France,3% Rentes,97.0
1909-04-30,France,3% Rentes,97.0
1909-05-31,France,3% Rentes,97.0
1909-06-30,France,3% Rentes,97.5
1909-07-31,France,3% Rentes,97.5
1909-08-31,France,3% Rentes,97.5
1909-09-30,France,3% Rentes,97.5
1909-10-31,France,3% Rentes,97.5
1909-11-30,France,3% Rentes,98.5
1909-12-31,France,3% Rentes,98.5
1910-01-31,France,3% Rentes,98.0
1910-02-28,France,3% Rentes,98.0
1910-03-31,France,3% Rentes,98.0
1910-04-30,France,3% Rentes,98.0
1910-05-31,France,3% Rentes,98.0
1910-06-30,France,3% Rentes,98.0
1910-07-31,France,3% Rentes,96.5
1910-08-31,France,3% Rentes,96.5
1910-09-30,France,3% Rentes,96.5
1910-10-31,France,3% Rentes,96.0
1910-11-30,France,3% Rentes,96.0
1910-12-31,France,3% Rentes,97.0
1911-01-31,France,3% Rentes,96.5
1911-02-28,France,3% Rentes,96.5
1911-03-31,France,3% Rentes,97.0
1911-04-30,France,3% Rentes,95.0
1911-05-31,France,3% Rentes,95.0
1911-06-30,France,3% Rentes,95.0
1911-07-31,France,3% Rentes,93.0
1911-08-31,France,3% Rentes,93.5
1911-09-30,France,3% Rentes,93.5
1911-10-31,France,3% Rentes,94.5
1911-11-30,France,3% Rentes,95.5
1911-12-31,France,3% Rentes,95.5
1912-01-31,France,3% Rentes,94.5
1912-02-29,France,3% Rentes,94.5
1912-03-31,France,3% Rentes,94.5
1912-04-30,France,3% Rentes,92.5
1912-05-31,France,3% Rentes,93.5
1912-06-30,France,3% Rentes,93.5
1912-07-31,France,3% Rentes,91.5
1912-08-31,France,3% Rentes,91.5
1912-09-30,France,3% Rentes,91.5
1912-10-31,France,3% Rentes,88.5
1912-11-30,France,3% Rentes,89.5
1912-12-31,France,3% Rentes,89.5
1913-01-31,France,3% Rentes,88.5
1913-02-28,France,3% Rentes,88.5
1913-03-31,France,3% Rentes,88.5
1913-04-30,France,3% Rentes,86.0
1913-05-31,France,3% Rentes,85.5
1913-06-30,France,3% Rentes,84.5
1913-07-31,France,3% Rentes,83.5
1913-08-31,France,3% Rentes,87.5
1913-09-30,France,3% Rentes,88.5
1913-10-31,France,3% Rentes,87.5
1913-11-30,France,3% Rentes,86.5
1913-12-31,France,3% Rentes,85.5
1914-01-31,France,3% Rentes,85.5
1914-02-28,France,3% Rentes,86.5
1914-03-31,France,3% Rentes,87.5
1914-04-30,France,3% Rentes,86.5
1914-05-31,France,3% Rentes,85.5
1914-06-30,France,3% Rentes,85.5
1914-07-31,France,3% Rentes,76.5
1915-03-31,France,3% Rentes,68.25
1915-04-30,France,3% Rentes,68.25
1915-05-31,France,3% Rentes,68.25
1915-06-30,France,3% Rentes,68.12
1915-07-31,France,3% Rentes,62.5
1915-08-31,France,3% Rentes,62.12
1915-09-30,France,3% Rentes,62.5
1915-10-31,France,3% Rentes,62.5
1915-11-30,France,3% Rentes,62.5
1915-12-31,France,3% Rentes,56.5
1916-01-31,France,3% Rentes,56.5
1916-02-29,France,3% Rentes,56.5
1916-03-31,France,3% Rentes,56.5
1916-04-30,France,3% Rentes,52.5
1916-05-31,France,3% Rentes,55.0
1916-06-30,France,3% Rentes,55.0
1916-07-31,France,3% Rentes,56.5
1916-08-31,France,3% Rentes,57.0
1916-09-30,France,3% Rentes,58.0
1916-10-31,France,3% Rentes,55.5
1916-11-30,France,3% Rentes,55.5
1916-12-31,France,3% Rentes,54.5
1917-01-31,France,3% Rentes,55.5
1917-02-28,France,3% Rentes,55.5
1917-03-31,France,3% Rentes,55.5
1917-04-30,France,3% Rentes,55.5
1917-05-31,France,3% Rentes,55.5
1917-06-30,France,3% Rentes,55.5
1917-07-31,France,3% Rentes,54.5
1917-08-31,France,3% Rentes,55.5
1917-09-30,France,3% Rentes,55.5
1917-10-31,France,3% Rentes,54.5
1917-11-30,France,3% Rentes,54.5
1917-12-31,France,3% Rentes,54.5
1918-01-31,France,3% Rentes,53.0
1918-02-28,France,3% Rentes,53.0
1918-03-31,France,3% Rentes,53.0
1918-04-30,France,3% Rentes,51.5
1918-05-31,France,3% Rentes,51.5
1918-06-30,France,3% Rentes,51.5
1918-07-31,France,3% Rentes,53.5
1918-08-31,France,3% Rentes,54.5
1918-09-30,France,3% Rentes,57.5
1918-10-31,France,3% Rentes,57.5
1918-11-30,France,3% Rentes,59.5
1918-12-31,France,3% Rentes,59.5
1919-01-31,France,3% Rentes,59.5
1919-02-28,France,3% Rentes,59.5
1919-03-31,France,3% Rentes,57.5
1919-04-30,France,3% Rentes,56.5
1919-05-31,France,3% Rentes,55.0
1919-06-30,France,3% Rentes,52.5
1919-07-31,France,3% Rentes,51.5
1919-08-31,France,3% Rentes,47.5
1919-09-30,France,3% Rentes,43.5
1919-10-31,France,3% Rentes,42.5
1919-11-30,France,3% Rentes,40.5
1919-12-31,France,3% Rentes,37.5
1920-01-31,France,3% Rentes,33.5
1920-02-29,France,3% Rentes,32.5
1920-03-31,France,3% Rentes,28.5
1920-04-30,France,3% Rentes,24.5
1920-05-31,France,3% Rentes,31.5
1920-06-30,France,3% Rentes,31.5
1920-07-31,France,3% Rentes,30.5
1920-08-31,France,3% Rentes,26.0
1920-09-30,France,3% Rentes,27.0
1920-10-31,France,3% Rentes,26.0
1920-11-30,France,3% Rentes,26.0
1920-12-31,France,3% Rentes,26.0
1921-01-31,France,3% Rentes,26.0
1921-02-28,France,3% Rentes,28.5
1921-03-31,France,3% Rentes,28.5
1921-04-30,France,3% Rentes,26.5
1921-05-31,France,3% Rentes,30.5
1921-06-30,France,3% Rentes,29.5
1921-07-31,France,3% Rentes,29.5
1921-08-31,France,3% Rentes,29.5
1921-09-30,France,3% Rentes,27.0
1921-10-31,France,3% Rentes,25.5
1921-11-30,France,3% Rentes,25.0
1921-12-31,France,3% Rentes,27.0
1922-01-31,France,3% Rentes,28.0
1922-02-28,France,3% Rentes,32.0
1922-03-31,France,3% Rentes,31.0
1922-04-30,France,3% Rentes,31.0
1922-05-31,France,3% Rentes,30.0
1922-06-30,France,3% Rentes,28.0
1922-07-31,France,3% Rentes,28.5
1922-08-31,France,3% Rentes,26.0
1922-09-30,France,3% Rentes,27.0
1922-10-31,France,3% Rentes,23.0
1922-11-30,France,3% Rentes,24.0
1922-12-31,France,3% Rentes,25.0
1923-01-31,France,3% Rentes,20.5
1923-02-28,France,3% Rentes,20.0
1923-03-31,France,3% Rentes,22.0
1923-04-30,France,3% Rentes,21.0
1923-05-31,France,3% Rentes,21.0
1923-06-30,France,3% Rentes,20.0
1923-07-31,France,3% Rentes,18.5
1923-08-31,France,3% Rentes,19.0
1923-09-30,France,3% Rentes,21.0
1923-10-31,France,3% Rentes,18.5
1923-11-30,France,3% Rentes,17.5
1923-12-31,France,3% Rentes,16.5
1924-01-31,France,3% Rentes,15.5
1924-02-29,France,3% Rentes,14.5
1924-03-31,France,3% Rentes,16.5
1924-04-30,France,3% Rentes,20.5
1924-05-31,France,3% Rentes,17.5
1924-06-30,France,3% Rentes,16.5
1924-07-31,France,3% Rentes,15.5
1924-08-31,France,3% Rentes,16.5
1924-09-30,France,3% Rentes,16.5
1924-10-31,France,3% Rentes,15.5
1924-11-30,France,3% Rentes,14.5
1924-12-31,France,3% Rentes,15.5
1925-01-31,France,3% Rentes,14.5
1925-02-28,France,3% Rentes,14.5
1925-03-31,France,3% Rentes,13.5
1925-04-30,France,3% Rentes,13.5
1925-05-31,France,3% Rentes,12.5
1925-06-30,France,3% Rentes,10.5
1925-07-31,France,3% Rentes,10.5
1925-08-31,France,3% Rentes,11.5
1925-09-30,France,3% Rentes,11.5
1925-10-31,France,3% Rentes,9.5
1925-11-30,France,3% Rentes,9.5
1925-12-31,France,3% Rentes,9.5
1926-01-31,France,3% Rentes,9.5
1926-02-28,France,3% Rentes,9.5
1926-03-31,France,3% Rentes,9.5
1926-04-30,France,3% Rentes,9.0
1926-05-31,France,3% Rentes,9.0
1926-06-30,France,3% Rentes,8.0
1926-07-31,France,3% Rentes,6.0
1926-08-31,France,3% Rentes,7.0
1926-09-30,France,3% Rentes,7.0
1926-10-31,France,3% Rentes,8.0
1926-11-30,France,3% Rentes,9.5
1926-12-31,France,3% Rentes,9.5
1927-01-31,France,3% Rentes,10.5
1927-02-28,France,3% Rentes,11.0
1927-03-31,France,3% Rentes,11.5
1927-04-30,France,3% Rentes,11.5
1927-05-31,France,3% Rentes,11.5
1927-06-30,France,3% Rentes,11.5
1927-07-31,France,3% Rentes,11.5
1927-08-31,France,3% Rentes,11.5
1927-09-30,France,3% Rentes,11.5
1927-10-31,France,3% Rentes,11.5
1927-11-30,France,3% Rentes,11.0
1927-12-31,France,3% Rentes,12.0
1928-01-31,France,3% Rentes,13.0
1928-02-29,France,3% Rentes,13.0
1928-03-31,France,3% Rentes,13.5
1928-04-30,France,3% Rentes,14.0
1928-05-31,France,3% Rentes,14.0
1928-06-30,France,3% Rentes,14.5
1928-07-31,France,3% Rentes,14.0
1928-08-31,France,3% Rentes,13.5
1928-09-30,France,3% Rentes,13.5
1928-10-31,France,3% Rentes,13.5
1928-11-30,France,3% Rentes,13.0
1928-12-31,France,3% Rentes,13.0
1929-01-31,France,3% Rentes,14.5
1929-02-28,France,3% Rentes,14.5
1929-03-31,France,3% Rentes,14.5
1929-04-30,France,3% Rentes,14.5
1929-05-31,France,3% Rentes,14.75
1929-06-30,France,3% Rentes,15.0
1929-07-31,France,3% Rentes,14.75
1929-08-31,France,3% Rentes,15.0
1929-09-30,France,3% Rentes,15.25
1929-10-31,France,3% Rentes,15.5
1929-11-30,France,3% Rentes,16.0
1929-12-31,France,3% Rentes,17.0
1907-06-30,Germany,Imperial 3% 1891-3,83.0
1907-07-31,Germany,Imperial 3% 1891-3,82.25
1907-08-31,Germany,Imperial 3% 1891-3,81.25
1907-09-30,Germany,Imperial 3% 1891-3,84.25
1907-10-31,Germany,Imperial 3% 1891-3,81.75
1907-11-30,Germany,Imperial 3% 1891-3,81.5
1907-12-31,Germany,Imperial 3% 1891-3,82.5
1908-01-31,Germany,Imperial 3% 1891-3,82.25
1908-02-29,Germany,Imperial 3% 1891-3,82.25
1908-03-31,Germany,Imperial 3% 1891-3,81.75
1908-04-30,Germany,Imperial 3% 1891-3,80.75
1908-05-31,Germany,Imperial 3% 1891-3,82.5
1908-06-30,Germany,Imperial 3% 1891-3,82.25
1908-07-31,Germany,Imperial 3% 1891-3,81.75
1908-08-31,Germany,Imperial 3% 1891-3,83.25
1908-09-30,Germany,Imperial 3% 1891-3,83.5
1908-10-31,Germany,Imperial 3% 1891-3,83.75
1908-11-30,Germany,Imperial 3% 1891-3,84.5
1908-12-31,Germany,Imperial 3% 1891-3,84.75
1909-01-31,Germany,Imperial 3% 1891-3,85.25
1909-02-28,Germany,Imperial 3% 1891-3,86.0
1909-03-31,Germany,Imperial 3% 1891-3,86.5
1909-04-30,Germany,Imperial 3% 1891-3,85.5
1909-05-31,Germany,Imperial 3% 1891-3,85.75
1909-06-30,Germany,Imperial 3% 1891-3,84.75
1909-07-31,Germany,Imperial 3% 1891-3,85.25
1909-08-31,Germany,Imperial 3% 1891-3,85.25
1909-09-30,Germany,Imperial 3% 1891-3,84.75
1909-10-31,Germany,Imperial 3% 1891-3,82.75
1909-11-30,Germany,Imperial 3% 1891-3,83.0
1909-12-31,Germany,Imperial 3% 1891-3,84.75
1910-01-31,Germany,Imperial 3% 1891-3,84.0
1910-02-28,Germany,Imperial 3% 1891-3,84.0
1910-03-31,Germany,Imperial 3% 1891-3,84.5
1910-04-30,Germany,Imperial 3% 1891-3,83.5
1910-05-31,Germany,Imperial 3% 1891-3,83.5
1910-06-30,Germany,Imperial 3% 1891-3,84.0
1910-07-31,Germany,Imperial 3% 1891-3,82.75
1910-08-31,Germany,Imperial 3% 1891-3,82.5
1910-09-30,Germany,Imperial 3% 1891-3,82.25
1910-10-31,Germany,Imperial 3% 1891-3,82.5
1910-11-30,Germany,Imperial 3% 1891-3,82.5
1910-12-31,Germany,Imperial 3% 1891-3,84.5
1911-01-31,Germany,Imperial 3% 1891-3,84.5
1911-02-28,Germany,Imperial 3% 1891-3,84.0
1911-03-31,Germany,Imperial 3% 1891-3,84.5
1911-04-30,Germany,Imperial 3% 1891-3,83.0
1911-05-31,Germany,Imperial 3% 1891-3,82.5
1911-06-30,Germany,Imperial 3% 1891-3,83.0
1911-07-31,Germany,Imperial 3% 1891-3,82.5
1911-08-31,Germany,Imperial 3% 1891-3,82.0
1911-09-30,Germany,Imperial 3% 1891-3,82.0
1911-10-31,Germany,Imperial 3% 1891-3,81.0
1911-11-30,Germany,Imperial 3% 1891-3,81.5
1911-12-31,Germany,Imperial 3% 1891-3,81.5
1912-01-31,Germany,Imperial 3% 1891-3,81.0
1912-02-29,Germany,Imperial 3% 1891-3,81.0
1912-03-31,Germany,Imperial 3% 1891-3,80.5
1912-04-30,Germany,Imperial 3% 1891-3,80.0
1912-05-31,Germany,Imperial 3% 1891-3,79.75
1912-06-30,Germany,Imperial 3% 1891-3,79.5
1912-07-31,Germany,Imperial 3% 1891-3,79.0
1912-08-31,Germany,Imperial 3% 1891-3,78.75
1912-09-30,Germany,Imperial 3% 1891-3,78.25
1912-10-31,Germany,Imperial 3% 1891-3,76.0
1912-11-30,Germany,Imperial 3% 1891-3,76.5
1912-12-31,Germany,Imperial 3% 1891-3,76.5
1913-01-31,Germany,Imperial 3% 1891-3,77.0
1913-02-28,Germany,Imperial 3% 1891-3,76.25
1913-03-31,Germany,Imperial 3% 1891-3,75.5
1913-04-30,Germany,Imperial 3% 1891-3,75.5
1913-05-31,Germany,Imperial 3% 1891-3,75.5
1913-06-30,Germany,Imperial 3% 1891-3,73.5
1913-07-31,Germany,Imperial 3% 1891-3,72.5
1913-08-31,Germany,Imperial 3% 1891-3,73.5
1913-09-30,Germany,Imperial 3% 1891-3,75.5
1913-10-31,Germany,Imperial 3% 1891-3,75.5
1913-11-30,Germany,Imperial 3% 1891-3,75.5
1913-12-31,Germany,Imperial 3% 1891-3,75.5
1914-01-31,Germany,Imperial 3% 1891-3,77.5
1914-02-28,Germany,Imperial 3% 1891-3,77.5
1914-03-31,Germany,Imperial 3% 1891-3,77.5
1914-04-30,Germany,Imperial 3% 1891-3,76.75
1914-05-31,Germany,Imperial 3% 1891-3,76.5
1914-06-30,Germany,Imperial 3% 1891-3,76.5
1914-07-31,Germany,Imperial 3% 1891-3,71.5
1915-02-28,Germany,Imperial 3% 1891-3,53.75
1915-03-31,Germany,Imperial 3% 1891-3,54.75
1915-04-30,Germany,Imperial 3% 1891-3,58.155
1915-05-31,Germany,Imperial 3% 1891-3,55.56
1915-06-30,Germany,Imperial 3% 1891-3,49.375
1915-07-31,Germany,Imperial 3% 1891-3,52.375
1915-08-31,Germany,Imperial 3% 1891-3,53.125
1915-09-30,Germany,Imperial 3% 1891-3,54.185
1915-10-31,Germany,Imperial 3% 1891-3,54.185
1915-11-30,Germany,Imperial 3% 1891-3,54.435
1915-12-31,Germany,Imperial 3% 1891-3,50.625
1916-01-31,Germany,Imperial 3% 1891-3,49.75
1916-02-29,Germany,Imperial 3% 1891-3,44.375
1916-03-31,Germany,Imperial 3% 1891-3,45.125
1916-04-30,Germany,Imperial 3% 1891-3,46.0
1916-05-31,Germany,Imperial 3% 1891-3,48.125
1916-06-30,Germany,Imperial 3% 1891-3,48.685
1916-07-31,Germany,Imperial 3% 1891-3,47.25
1916-08-31,Germany,Imperial 3% 1891-3,47.875
1916-09-30,Germany,Imperial 3% 1891-3,45.06
1916-10-31,Germany,Imperial 3% 1891-3,45.06
1916-11-30,Germany,Imperial 3% 1891-3,45.06
1916-12-31,Germany,Imperial 3% 1891-3,48.25
1917-01-31,Germany,Imperial 3% 1891-3,48.625
1917-02-28,Germany,Imperial 3% 1891-3,47.0
1917-03-31,Germany,Imperial 3% 1891-3,46.25
1917-04-30,Germany,Imperial 3% 1891-3,45.875
1917-05-31,Germany,Imperial 3% 1891-3,46.81
1917-06-30,Germany,Imperial 3% 1891-3,47.5
1917-07-31,Germany,Imperial 3% 1891-3,49.62
1917-08-31,Germany,Imperial 3% 1891-3,49.75
1917-09-30,Germany,Imperial 3% 1891-3,49.5
1917-10-31,Germany,Imperial 3% 1891-3,46.0
1917-11-30,Germany,Imperial 3% 1891-3,47.25
1917-12-31,Germany,Imperial 3% 1891-3,46.25
1918-01-31,Germany,Imperial 3% 1891-3,49.435
1918-02-28,Germany,Imperial 3% 1891-3,52.125
1918-03-31,Germany,Imperial 3% 1891-3,53.5
1918-04-30,Germany,Imperial 3% 1891-3,51.5
1918-05-31,Germany,Imperial 3% 1891-3,51.56
1918-06-30,Germany,Imperial 3% 1891-3,52.125
1918-07-31,Germany,Imperial 3% 1891-3,51.0
1918-08-31,Germany,Imperial 3% 1891-3,50.625
1918-09-30,Germany,Imperial 3% 1891-3,49.5
1918-10-31,Germany,Imperial 3% 1891-3,50.125
1918-11-30,Germany,Imperial 3% 1891-3,48.375
1918-12-31,Germany,Imperial 3% 1891-3,48.125
1919-01-31,Germany,Imperial 3% 1891-3,48.125
1919-02-28,Germany,Imperial 3% 1891-3,43.625
1919-03-31,Germany,Imperial 3% 1891-3,44.625
1919-04-30,Germany,Imperial 3% 1891-3,42.5
1919-05-31,Germany,Imperial 3% 1891-3,47.0
1919-06-30,Germany,Imperial 3% 1891-3,47.125
1919-07-31,Germany,Imperial 3% 1891-3,41.5
1919-08-31,Germany,Imperial 3% 1891-3,41.5
1919-09-30,Germany,Imperial 3% 1891-3,36.06
1919-10-31,Germany,Imperial 3% 1891-3,32.935
1919-11-30,Germany,Imperial 3% 1891-3,32.935
1919-12-31,Germany,Imperial 3% 1891-3,21.625
1920-01-31,Germany,Imperial 3% 1891-3,20.0
1920-02-29,Germany,Imperial 3% 1891-3,22.5
1920-03-31,Germany,Imperial 3% 1891-3,20.5
1920-04-30,Germany,Imperial 3% 1891-3,19.0
1920-05-31,Germany,Imperial 3% 1891-3,19.0
1920-06-30,Germany,Imperial 3% 1891-3,19.0
1920-07-31,Germany,Imperial 3% 1891-3,19.0
1920-08-31,Germany,Imperial 3% 1891-3,19.0
1920-09-30,Germany,Imperial 3% 1891-3,19.0
1920-10-31,Germany,Imperial 3% 1891-3,6.0
1920-11-30,Germany,Imperial 3% 1891-3,6.25
1920-12-31,Germany,Imperial 3% 1891-3,5.75
1921-01-31,Germany,Imperial 3% 1891-3,5.875
1921-02-28,Germany,Imperial 3% 1891-3,6.25
1921-03-31,Germany,Imperial 3% 1891-3,6.25
1921-04-30,Germany,Imperial 3% 1891-3,6.0
1921-05-31,Germany,Imperial 3% 1891-3,6.75
1921-06-30,Germany,Imperial 3% 1891-3,6.25
1921-07-31,Germany,Imperial 3% 1891-3,6.0
1921-08-31,Germany,Imperial 3% 1891-3,5.25
1921-09-30,Germany,Imperial 3% 1891-3,4.0
1921-10-31,Germany,Imperial 3% 1891-3,3.25
1921-11-30,Germany,Imperial 3% 1891-3,2.5
1921-12-31,Germany,Imperial 3% 1891-3,3.25
1922-01-31,Germany,Imperial 3% 1891-3,3.0
1922-02-28,Germany,Imperial 3% 1891-3,2.75
1922-03-31,Germany,Imperial 3% 1891-3,2.25
1922-04-30,Germany,Imperial 3% 1891-3,2.75
1922-05-31,Germany,Imperial 3% 1891-3,2.5
1922-06-30,Germany,Imperial 3% 1891-3,2.25
1922-07-31,Germany,Imperial 3% 1891-3,2.0
1922-08-31,Germany,Imperial 3% 1891-3,1.37
1922-09-30,Germany,Imperial 3% 1891-3,1.12
1922-10-31,Germany,Imperial 3% 1891-3,1.0
1922-11-30,Germany,Imperial 3% 1891-3,0.62
1922-12-31,Germany,Imperial 3% 1891-3,1.0
1923-01-31,Germany,Imperial 3% 1891-3,0.62
1923-02-28,Germany,Imperial 3% 1891-3,0.87
1923-03-31,Germany,Imperial 3% 1891-3,1.0
1923-04-30,Germany,Imperial 3% 1891-3,0.87
1923-05-31,Germany,Imperial 3% 1891-3,0.62
1923-06-30,Germany,Imperial 3% 1891-3,0.87
1923-07-31,Germany,Imperial 3% 1891-3,0.75
1923-08-31,Germany,Imperial 3% 1891-3,0.75
1923-09-30,Germany,Imperial 3% 1891-3,0.87
1923-10-31,Germany,Imperial 3% 1891-3,0.62
1923-11-30,Germany,Imperial 3% 1891-3,0.62
1923-12-31,Germany,Imperial 3% 1891-3,0.62
1924-01-31,Germany,Imperial 3% 1891-3,1.25
1924-02-29,Germany,Imperial 3% 1891-3,1.18
1924-03-31,Germany,Imperial 3% 1891-3,1.0
1924-04-30,Germany,Imperial 3% 1891-3,1.0
1924-05-31,Germany,Imperial 3% 1891-3,0.87
1924-06-30,Germany,Imperial 3% 1891-3,0.87
1924-07-31,Germany,Imperial 3% 1891-3,1.25
1924-08-31,Germany,Imperial 3% 1891-3,1.62
1924-09-30,Germany,Imperial 3% 1891-3,1.5
1924-10-31,Germany,Imperial 3% 1891-3,1.62
1924-11-30,Germany,Imperial 3% 1891-3,1.62
1924-12-31,Germany,Imperial 3% 1891-3,1.37
1925-01-31,Germany,Imperial 3% 1891-3,1.37
1925-02-28,Germany,Imperial 3% 1891-3,1.37
1925-03-31,Germany,Imperial 3% 1891-3,1.0
1925-04-30,Germany,Imperial 3% 1891-3,0.87
1925-05-31,Germany,Imperial 3% 1891-3,0.75
1925-06-30,Germany,Imperial 3% 1891-3,0.75
1925-07-31,Germany,Imperial 3% 1891-3,0.62
1925-08-31,Germany,Imperial 3% 1891-3,0.75
1925-09-30,Germany,Imperial 3% 1891-3,0.5
1925-10-31,Germany,Imperial 3% 1891-3,0.5
1871-01-31,Italy,Rentes (London),70.75
1871-02-28,Italy,Rentes (London),70.25
1871-03-31,Italy,Rentes (London),70.0
1871-04-30,Italy,Rentes (London),71.0
1871-05-31,Italy,Rentes (London),71.75
1871-06-30,Italy,Rentes (London),72.5
1871-07-31,Italy,Rentes (London),72.75
1871-08-31,Italy,Rentes (London),74.75
1871-09-30,Italy,Rentes (London),75.0
1871-10-31,Italy,Rentes (London),75.0
1871-11-30,Italy,Rentes (London),76.75
1871-12-31,Italy,Rentes (London),80.5
1872-01-31,Italy,Rentes (London),79.5
1872-02-29,Italy,Rentes (London),77.5
1872-03-31,Italy,Rentes (London),80.5
1872-04-30,Italy,Rentes (London),80.0
1872-05-31,Italy,Rentes (London),80.0
1872-06-30,Italy,Rentes (London),81.0
1872-07-31,Italy,Rentes (London),79.75
1872-08-31,Italy,Rentes (London),80.25
1872-09-30,Italy,Rentes (London),80.0
1872-10-31,Italy,Rentes (London),78.5
1872-11-30,Italy,Rentes (London),78.5
1872-12-31,Italy,Rentes (London),79.5
1873-01-31,Italy,Rentes (London),79.5
1873-02-28,Italy,Rentes (London),79.25
1873-03-31,Italy,Rentes (London),79.0
1873-04-30,Italy,Rentes (London),77.0
1873-05-31,Italy,Rentes (London),77.0
1873-06-30,Italy,Rentes (London),78.0
1873-07-31,Italy,Rentes (London),76.5
1873-08-31,Italy,Rentes (London),78.0
1873-09-30,Italy,Rentes (London),78.0
1873-10-31,Italy,Rentes (London),76.5
1873-11-30,Italy,Rentes (London),77.0
1873-12-31,Italy,Rentes (London),77.5
1874-01-31,Italy,Rentes (London),75.5
1874-02-28,Italy,Rentes (London),76.0
1874-03-31,Italy,Rentes (London),76.5
1874-04-30,Italy,Rentes (London),77.5
1874-05-31,Italy,Rentes (London),79.0
1874-06-30,Italy,Rentes (London),80.0
1874-07-31,Italy,Rentes (London),79.75
1874-08-31,Italy,Rentes (London),81.0
1874-09-30,Italy,Rentes (London),81.25
1874-10-31,Italy,Rentes (London),80.5
1874-11-30,Italy,Rentes (London),80.5
1874-12-31,Italy,Rentes (London),82.0
1875-01-31,Italy,Rentes (London),81.5
1875-02-28,Italy,Rentes (London),83.25
1875-03-31,Italy,Rentes (London),84.5
1875-04-30,Italy,Rentes (London),83.75
1875-05-31,Italy,Rentes (London),85.0
1875-06-30,Italy,Rentes (London),85.5
1875-07-31,Italy,Rentes (London),84.75
1875-08-31,Italy,Rentes (London),85.0
1875-09-30,Italy,Rentes (London),86.5
1875-10-31,Italy,Rentes (London),86.5
1875-11-30,Italy,Rentes (London),85.5
1875-12-31,Italy,Rentes (London),86.5
1876-01-31,Italy,Rentes (London),85.5
1876-02-29,Italy,Rentes (London),85.75
1876-03-31,Italy,Rentes (London),85.5
1876-04-30,Italy,Rentes (London),85.0
1876-05-31,Italy,Rentes (London),86.0
1876-06-30,Italy,Rentes (London),86.5
1876-07-31,Italy,Rentes (London),86.0
1876-08-31,Italy,Rentes (London),87.0
1876-09-30,Italy,Rentes (London),88.5
1876-10-31,Italy,Rentes (London),84.75
1876-11-30,Italy,Rentes (London),85.0
1876-12-31,Italy,Rentes (London),85.5
1877-01-31,Italy,Rentes (London),86.0
1877-02-28,Italy,Rentes (London),87.5
1877-03-31,Italy,Rentes (London),88.5
1877-04-30,Italy,Rentes (London),81.5
1877-05-31,Italy,Rentes (London),82.75
1877-06-30,Italy,Rentes (London),72.0
1877-07-31,Italy,Rentes (London),71.0
1877-08-31,Italy,Rentes (London),71.0
1877-09-30,Italy,Rentes (London),72.0
1877-10-31,Italy,Rentes (London),73.0
1877-11-30,Italy,Rentes (London),73.0
1877-12-31,Italy,Rentes (London),74.0
1878-01-31,Italy,Rentes (London),73.0
1878-02-28,Italy,Rentes (London),75.0
1878-03-31,Italy,Rentes (London),73.0
1878-04-30,Italy,Rentes (London),72.0
1878-05-31,Italy,Rentes (London),73.25
1878-06-30,Italy,Rentes (London),77.0
1878-07-31,Italy,Rentes (London),75.0
1878-08-31,Italy,Rentes (London),74.0
1878-09-30,Italy,Rentes (London),73.0
1878-10-31,Italy,Rentes (London),73.0
1878-11-30,Italy,Rentes (London),75.0
1878-12-31,Italy,Rentes (London),76.0
1879-01-31,Italy,Rentes (London),76.0
1879-02-28,Italy,Rentes (London),79.0
1879-03-31,Italy,Rentes (London),81.0
1879-04-30,Italy,Rentes (London),81.5
1879-05-31,Italy,Rentes (London),82.0
1879-06-30,Italy,Rentes (London),84.0
1879-07-31,Italy,Rentes (London),82.0
1879-08-31,Italy,Rentes (London),81.0
1879-09-30,Italy,Rentes (London),84.0
1879-10-31,Italy,Rentes (London),83.0
1879-11-30,Italy,Rentes (London),83.0
1879-12-31,Italy,Rentes (London),84.0
1880-01-31,Italy,Rentes (London),85.5
1880-02-29,Italy,Rentes (London),86.0
1880-03-31,Italy,Rentes (London),87.0
1880-04-30,Italy,Rentes (London),90.0
1880-05-31,Italy,Rentes (London),87.25
1880-06-30,Italy,Rentes (London),89.5
1880-07-31,Italy,Rentes (London),84.75
1880-08-31,Italy,Rentes (London),86.625
1880-09-30,Italy,Rentes (London),87.0
1880-10-31,Italy,Rentes (London),88.875
1880-11-30,Italy,Rentes (London),88.0
1880-12-31,Italy,Rentes (London),87.875
1881-01-31,Italy,Rentes (London),87.0
1881-02-28,Italy,Rentes (London),88.625
1881-03-31,Italy,Rentes (London),90.5
1881-04-30,Italy,Rentes (London),89.625
1881-05-31,Italy,Rentes (London),91.75
1881-06-30,Italy,Rentes (London),93.625
1881-07-31,Italy,Rentes (London),90.875
1881-08-31,Italy,Rentes (London),90.875
1881-09-30,Italy,Rentes (London),89.75
1881-10-31,Italy,Rentes (London),88.375
1881-11-30,Italy,Rentes (London),89.25
1881-12-31,Italy,Rentes (London),90.185
1882-01-31,Italy,Rentes (London),85.25
1882-02-28,Italy,Rentes (London),85.375
1882-03-31,Italy,Rentes (London),88.0
1882-04-30,Italy,Rentes (London),90.06
1882-05-31,Italy,Rentes (London),90.0
1882-06-30,Italy,Rentes (London),88.875
1882-07-31,Italy,Rentes (London),86.125
1882-08-31,Italy,Rentes (London),87.25
1882-09-30,Italy,Rentes (London),88.75
1882-10-31,Italy,Rentes (London),88.375
1882-11-30,Italy,Rentes (London),88.685
1882-12-31,Italy,Rentes (London),88.875
1883-01-31,Italy,Rentes (London),86.125
1883-02-28,Italy,Rentes (London),87.75
1883-03-31,Italy,Rentes (London),88.875
1883-04-30,Italy,Rentes (London),90.375
1883-05-31,Italy,Rentes (London),92.0
1883-06-30,Italy,Rentes (London),92.06
1883-07-31,Italy,Rentes (London),89.5
1883-08-31,Italy,Rentes (London),89.125
1883-09-30,Italy,Rentes (London),89.625
1883-10-31,Italy,Rentes (London),89.56
1883-11-30,Italy,Rentes (London),89.31
1883-12-31,Italy,Rentes (London),90.185
1884-01-31,Italy,Rentes (London),91.375
1884-02-29,Italy,Rentes (London),91.5
1884-03-31,Italy,Rentes (London),92.935
1884-04-30,Italy,Rentes (London),93.5
1884-05-31,Italy,Rentes (London),96.0
1884-06-30,Italy,Rentes (London),94.875
1884-07-31,Italy,Rentes (London),93.375
1884-08-31,Italy,Rentes (London),94.31
1884-09-30,Italy,Rentes (London),94.75
1884-10-31,Italy,Rentes (London),95.31
1884-11-30,Italy,Rentes (London),95.875
1884-12-31,Italy,Rentes (London),97.25
1885-01-31,Italy,Rentes (London),95.56
1885-02-28,Italy,Rentes (London),95.56
1885-03-31,Italy,Rentes (London),95.5
1885-04-30,Italy,Rentes (London),92.5
1885-05-31,Italy,Rentes (London),95.375
1885-06-30,Italy,Rentes (London),97.375
1885-07-31,Italy,Rentes (London),95.185
1885-08-31,Italy,Rentes (London),95.31
1885-09-30,Italy,Rentes (London),95.06
1885-10-31,Italy,Rentes (London),95.0
1885-11-30,Italy,Rentes (London),95.56
1885-12-31,Italy,Rentes (London),96.56
1886-01-31,Italy,Rentes (London),96.25
1886-02-28,Italy,Rentes (London),97.125
1886-03-31,Italy,Rentes (London),97.375
1886-04-30,Italy,Rentes (London),97.625
1886-05-31,Italy,Rentes (London),98.375
1886-06-30,Italy,Rentes (London),100.435
1886-07-31,Italy,Rentes (London),98.935
1886-08-31,Italy,Rentes (London),98.75
1886-09-30,Italy,Rentes (London),99.125
1886-10-31,Italy,Rentes (London),99.375
1886-11-30,Italy,Rentes (London),100.06
1886-12-31,Italy,Rentes (London),99.935
1887-01-31,Italy,Rentes (London),96.31
1887-02-28,Italy,Rentes (London),93.375
1887-03-31,Italy,Rentes (London),96.25
1887-04-30,Italy,Rentes (London),96.435
1887-05-31,Italy,Rentes (London),97.935
1887-06-30,Italy,Rentes (London),98.875
1887-07-31,Italy,Rentes (London),96.06
1887-08-31,Italy,Rentes (London),96.31
1887-09-30,Italy,Rentes (London),97.0
1887-10-31,Italy,Rentes (London),97.31
1887-11-30,Italy,Rentes (London),96.56
1887-12-31,Italy,Rentes (London),96.0
1888-01-31,Italy,Rentes (London),93.125
1888-02-29,Italy,Rentes (London),92.81
1888-03-31,Italy,Rentes (London),93.56
1888-04-30,Italy,Rentes (London),95.25
1888-05-31,Italy,Rentes (London),96.5
1888-06-30,Italy,Rentes (London),97.375
1888-07-31,Italy,Rentes (London),95.875
1888-08-31,Italy,Rentes (London),95.435
1888-09-30,Italy,Rentes (London),96.0
1888-10-31,Italy,Rentes (London),96.0
1888-11-30,Italy,Rentes (London),95.81
1888-12-31,Italy,Rentes (London),95.375
1889-01-31,Italy,Rentes (London),94.875
1889-02-28,Italy,Rentes (London),95.31
1889-03-31,Italy,Rentes (London),95.25
1889-04-30,Italy,Rentes (London),96.31
1889-05-31,Italy,Rentes (London),96.31
1889-06-30,Italy,Rentes (London),96.0
1889-07-31,Italy,Rentes (London),93.31
1889-08-31,Italy,Rentes (London),92.56
1889-09-30,Italy,Rentes (London),92.125
1889-10-31,Italy,Rentes (London),93.0
1889-11-30,Italy,Rentes (London),93.155
1889-12-31,Italy,Rentes (London),94.375
1890-01-31,Italy,Rentes (London),93.0
1890-02-28,Italy,Rentes (London),92.685
1890-03-31,Italy,Rentes (London),91.185
1890-04-30,Italy,Rentes (London),93.25
1890-05-31,Italy,Rentes (London),96.465
1890-06-30,Italy,Rentes (London),96.435
1890-07-31,Italy,Rentes (London),92.685
1890-08-31,Italy,Rentes (London),94.31
1890-09-30,Italy,Rentes (London),94.25
1890-10-31,Italy,Rentes (London),93.0
1890-11-30,Italy,Rentes (London),92.75
1890-12-31,Italy,Rentes (London),93.435
1891-01-31,Italy,Rentes (London),92.06
1891-02-28,Italy,Rentes (London),94.06
1891-03-31,Italy,Rentes (London),93.875
1891-04-30,Italy,Rentes (London),92.625
1891-05-31,Italy,Rentes (London),91.56
1891-06-30,Italy,Rentes (London),92.435
1891-07-31,Italy,Rentes (London),89.56
1891-08-31,Italy,Rentes (London),89.125
1891-09-30,Italy,Rentes (London),89.31
1891-10-31,Italy,Rentes (London),88.56
1891-11-30,Italy,Rentes (London),87.06
1891-12-31,Italy,Rentes (London),90.06
1892-01-31,Italy,Rentes (London),89.31
1892-02-29,Italy,Rentes (London),88.25
1892-03-31,Italy,Rentes (London),86.31
1892-04-30,Italy,Rentes (London),88.31
1892-05-31,Italy,Rentes (London),90.185
1892-06-30,Italy,Rentes (London),91.31
1892-07-31,Italy,Rentes (London),90.125
1892-08-31,Italy,Rentes (London),90.25
1892-09-30,Italy,Rentes (London),91.875
1892-10-31,Italy,Rentes (London),91.31
1892-11-30,Italy,Rentes (London),92.625
1892-12-31,Italy,Rentes (London),92.06
1893-01-31,Italy,Rentes (London),90.435
1893-02-28,Italy,Rentes (London),91.875
1893-03-31,Italy,Rentes (London),92.06
1893-04-30,Italy,Rentes (London),92.0
1893-05-31,Italy,Rentes (London),91.685
1893-06-30,Italy,Rentes (London),91.5
1893-07-31,Italy,Rentes (London),87.06
1893-08-31,Italy,Rentes (London),84.5
1893-09-30,Italy,Rentes (London),83.75
1893-10-31,Italy,Rentes (London),82.5
1893-11-30,Italy,Rentes (London),80.5
1893-12-31,Italy,Rentes (London),80.435
1894-01-31,Italy,Rentes (London),73.06
1894-02-28,Italy,Rentes (London),74.25
1894-03-31,Italy,Rentes (London),74.81
1894-04-30,Italy,Rentes (London),76.125
1894-05-31,Italy,Rentes (London),77.125
1894-06-30,Italy,Rentes (London),77.125
1894-07-31,Italy,Rentes (London),77.435
1894-08-31,Italy,Rentes (London),81.56
1894-09-30,Italy,Rentes (London),82.185
1894-10-31,Italy,Rentes (London),82.125
1894-11-30,Italy,Rentes (London),83.625
1894-12-31,Italy,Rentes (London),86.25
1895-01-31,Italy,Rentes (London),85.435
1895-02-28,Italy,Rentes (London),86.5
1895-03-31,Italy,Rentes (London),87.56
1895-04-30,Italy,Rentes (London),87.685
1895-05-31,Italy,Rentes (London),88.435
1895-06-30,Italy,Rentes (London),89.435
1895-07-31,Italy,Rentes (London),87.31
1895-08-31,Italy,Rentes (London),87.5
1895-09-30,Italy,Rentes (London),90.0
1895-10-31,Italy,Rentes (London),89.31
1895-11-30,Italy,Rentes (London),86.0
1895-12-31,Italy,Rentes (London),84.625
1896-01-31,Italy,Rentes (London),84.0
1896-02-29,Italy,Rentes (London),81.56
1896-03-31,Italy,Rentes (London),80.185
1896-04-30,Italy,Rentes (London),83.25
1896-05-31,Italy,Rentes (London),87.06
1896-06-30,Italy,Rentes (London),87.625
1896-07-31,Italy,Rentes (London),86.75
1896-08-31,Italy,Rentes (London),86.875
1896-09-30,Italy,Rentes (London),87.06
1896-10-31,Italy,Rentes (London),87.5
1896-11-30,Italy,Rentes (London),89.31
1896-12-31,Italy,Rentes (London),91.375
1897-01-31,Italy,Rentes (London),90.625
1897-02-28,Italy,Rentes (London),89.625
1897-03-31,Italy,Rentes (London),89.185
1897-04-30,Italy,Rentes (London),88.935
1897-05-31,Italy,Rentes (London),91.685
1897-06-30,Italy,Rentes (London),94.685
1897-07-31,Italy,Rentes (London),92.685
1897-08-31,Italy,Rentes (London),93.125
1897-09-30,Italy,Rentes (London),92.685
1897-10-31,Italy,Rentes (London),92.435
1897-11-30,Italy,Rentes (London),93.375
1897-12-31,Italy,Rentes (London),93.625
1898-01-31,Italy,Rentes (London),93.125
1898-02-28,Italy,Rentes (London),93.81
1898-03-31,Italy,Rentes (London),93.185
1898-04-30,Italy,Rentes (London),91.0
1898-05-31,Italy,Rentes (London),91.125
1898-06-30,Italy,Rentes (London),92.935
1898-07-31,Italy,Rentes (London),90.75
1898-08-31,Italy,Rentes (London),92.375
1898-09-30,Italy,Rentes (London),92.185
1898-10-31,Italy,Rentes (London),91.75
1898-11-30,Italy,Rentes (London),93.25
1898-12-31,Italy,Rentes (London),94.625
1899-01-31,Italy,Rentes (London),92.935
1899-02-28,Italy,Rentes (London),95.0
1899-03-31,Italy,Rentes (London),94.435
1899-04-30,Italy,Rentes (London),94.56
1899-05-31,Italy,Rentes (London),94.935
1899-06-30,Italy,Rentes (London),94.81
1899-07-31,Italy,Rentes (London),92.25
1899-08-31,Italy,Rentes (London),92.06
1899-09-30,Italy,Rentes (London),92.5
1899-10-31,Italy,Rentes (London),92.125
1899-11-30,Italy,Rentes (London),93.06
1899-12-31,Italy,Rentes (London),93.5
1900-01-31,Italy,Rentes (London),92.25
1900-02-28,Italy,Rentes (London),93.0
1900-03-31,Italy,Rentes (London),93.75
1900-04-30,Italy,Rentes (London),94.25
1900-05-31,Italy,Rentes (London),94.125
1900-06-30,Italy,Rentes (London),94.375
1900-07-31,Italy,Rentes (London),91.75
1900-08-31,Italy,Rentes (London),92.5
1900-09-30,Italy,Rentes (London),93.0
1900-10-31,Italy,Rentes (London),94.0
1900-11-30,Italy,Rentes (London),94.625
1900-12-31,Italy,Rentes (London),95.375
1901-01-31,Italy,Rentes (London),94.0
1901-02-28,Italy,Rentes (London),94.75
1901-03-31,Italy,Rentes (London),94.75
1901-04-30,Italy,Rentes (London),95.5
1901-05-31,Italy,Rentes (London),96.125
1901-06-30,Italy,Rentes (London),96.875
1901-07-31,Italy,Rentes (London),95.25
1901-08-31,Italy,Rentes (London),97.25
1901-09-30,Italy,Rentes (London),97.5
1901-10-31,Italy,Rentes (London),98.25
1901-11-30,Italy,Rentes (London),98.75
1901-12-31,Italy,Rentes (London),99.625
1902-01-31,Italy,Rentes (London),99.125
1902-02-28,Italy,Rentes (London),99.125
1902-03-31,Italy,Rentes (London),99.25
1902-04-30,Italy,Rentes (London),99.375
1902-05-31,Italy,Rentes (London),100.935
1902-06-30,Italy,Rentes (London),101.75
1902-07-31,Italy,Rentes (London),100.625
1902-08-31,Italy,Rentes (London),100.75
1902-09-30,Italy,Rentes (London),101.0
1902-10-31,Italy,Rentes (London),101.5
1902-11-30,Italy,Rentes (London),101.75
1902-12-31,Italy,Rentes (London),102.0
1903-01-31,Italy,Rentes (London),101.25
1903-02-28,Italy,Rentes (London),102.0
1903-03-31,Italy,Rentes (London),101.375
1903-04-30,Italy,Rentes (London),101.75
1903-05-31,Italy,Rentes (London),102.625
1903-06-30,Italy,Rentes (London),102.625
1903-07-31,Italy,Rentes (London),101.375
1903-08-31,Italy,Rentes (London),101.5
1903-09-30,Italy,Rentes (London),101.5
1903-10-31,Italy,Rentes (London),102.125
1903-11-30,Italy,Rentes (London),102.625
1903-12-31,Italy,Rentes (London),103.375
1904-01-31,Italy,Rentes (London),101.25
1904-02-29,Italy,Rentes (London),98.5
1904-03-31,Italy,Rentes (London),100.5
1904-04-30,Italy,Rentes (London),102.75
1904-05-31,Italy,Rentes (London),102.25
1904-06-30,Italy,Rentes (London),102.75
1904-07-31,Italy,Rentes (London),101.375
1904-08-31,Italy,Rentes (London),102.0
1904-09-30,Italy,Rentes (London),102.75
1904-10-31,Italy,Rentes (London),102.75
1904-11-30,Italy,Rentes (London),103.5
1904-12-31,Italy,Rentes (London),103.5
1905-01-31,Italy,Rentes (London),102.875
1905-02-28,Italy,Rentes (London),103.0
1905-03-31,Italy,Rentes (London),103.0
1905-04-30,Italy,Rentes (London),103.5
1905-05-31,Italy,Rentes (London),103.875
1905-06-30,Italy,Rentes (London),103.875
1905-07-31,Italy,Rentes (London),102.75
1905-08-31,Italy,Rentes (London),102.875
1905-09-30,Italy,Rentes (London),102.875
1905-10-31,Italy,Rentes (London),102.875
1905-11-30,Italy,Rentes (London),103.0
1905-12-31,Italy,Rentes (London),103.5
1906-01-31,Italy,Rentes (London),102.75
1906-02-28,Italy,Rentes (London),102.75
1906-03-31,Italy,Rentes (London),102.75
1906-04-30,Italy,Rentes (London),102.75
1906-05-31,Italy,Rentes (London),103.0
1906-06-30,Italy,Rentes (London),103.0
1906-07-31,Italy,Rentes (London),100.0
1906-08-31,Italy,Rentes (London),100.0
1906-09-30,Italy,Rentes (London),101.0
1906-10-31,Italy,Rentes (London),100.75
1906-11-30,Italy,Rentes (London),101.0
1906-12-31,Italy,Rentes (London),100.25
1907-01-31,Italy,Rentes (London),100.25
1907-02-28,Italy,Rentes (London),101.25
1907-03-31,Italy,Rentes (London),100.75
1907-04-30,Italy,Rentes (London),101.25
1907-05-31,Italy,Rentes (London),101.75
1907-06-30,Italy,Rentes (London),102.0
1907-07-31,Italy,Rentes (London),101.0
1907-08-31,Italy,Rentes (London),99.0
1907-09-30,Italy,Rentes (London),99.0
1907-10-31,Italy,Rentes (London),99.0
1907-11-30,Italy,Rentes (London),99.0
1907-12-31,Italy,Rentes (London),99.0
1908-01-31,Italy,Rentes (London),100.0
1908-02-29,Italy,Rentes (London),100.0
1908-03-31,Italy,Rentes (London),100.0
1908-04-30,Italy,Rentes (London),100.0
1908-05-31,Italy,Rentes (London),101.0
1908-06-30,Italy,Rentes (London),101.0
1908-07-31,Italy,Rentes (London),101.0
1908-08-31,Italy,Rentes (London),101.0
1908-09-30,Italy,Rentes (London),102.0
1908-10-31,Italy,Rentes (London),102.0
1908-11-30,Italy,Rentes (London),102.0
1908-12-31,Italy,Rentes (London),102.0
1909-01-31,Italy,Rentes (London),100.0
1909-02-28,Italy,Rentes (London),100.0
1909-03-31,Italy,Rentes (London),101.0
1909-04-30,Italy,Rentes (London),101.0
1909-05-31,Italy,Rentes (London),101.0
1909-06-30,Italy,Rentes (London),102.0
1909-07-31,Italy,Rentes (London),100.0
1909-08-31,Italy,Rentes (London),100.0
1909-09-30,Italy,Rentes (London),100.0
1909-10-31,Italy,Rentes (London),100.0
1909-11-30,Italy,Rentes (London),100.0
1909-12-31,Italy,Rentes (London),101.0
1910-01-31,Italy,Rentes (London),99.0
1910-02-28,Italy,Rentes (London),100.0
1910-03-31,Italy,Rentes (London),100.0
1910-04-30,Italy,Rentes (London),100.0
1910-05-31,Italy,Rentes (London),100.0
1910-06-30,Italy,Rentes (London),100.0
1910-07-31,Italy,Rentes (London),99.0
1910-08-31,Italy,Rentes (London),99.0
1910-09-30,Italy,Rentes (London),99.0
1910-10-31,Italy,Rentes (London),99.0
1910-11-30,Italy,Rentes (London),100.0
1910-12-31,Italy,Rentes (London),100.0
1911-01-31,Italy,Rentes (London),100.0
1911-02-28,Italy,Rentes (London),100.0
1911-03-31,Italy,Rentes (London),100.0
1911-04-30,Italy,Rentes (London),100.0
1911-05-31,Italy,Rentes (London),101.0
1911-06-30,Italy,Rentes (London),101.0
1911-07-31,Italy,Rentes (London),99.0
1911-08-31,Italy,Rentes (London),99.0
1911-09-30,Italy,Rentes (London),99.0
1911-10-31,Italy,Rentes (London),99.0
1911-11-30,Italy,Rentes (London),100.0
1911-12-31,Italy,Rentes (London),100.0
1912-01-31,Italy,Rentes (London),98.75
1912-02-29,Italy,Rentes (London),98.0
1912-03-31,Italy,Rentes (London),97.5
1912-04-30,Italy,Rentes (London),95.75
1912-05-31,Italy,Rentes (London),96.75
1912-06-30,Italy,Rentes (London),97.75
1912-07-31,Italy,Rentes (London),96.75
1912-08-31,Italy,Rentes (London),96.75
1912-09-30,Italy,Rentes (London),97.25
1912-10-31,Italy,Rentes (London),96.25
1912-11-30,Italy,Rentes (London),97.25
1912-12-31,Italy,Rentes (London),97.25
1913-01-31,Italy,Rentes (London),97.0
1913-02-28,Italy,Rentes (London),96.25
1913-03-31,Italy,Rentes (London),96.25
1913-04-30,Italy,Rentes (London),96.25
1913-05-31,Italy,Rentes (London),96.25
1913-06-30,Italy,Rentes (London),95.75
1913-07-31,Italy,Rentes (London),94.75
1913-08-31,Italy,Rentes (London),95.5
1913-09-30,Italy,Rentes (London),95.75
1913-10-31,Italy,Rentes (London),96.75
1913-11-30,Italy,Rentes (London),96.75
1913-12-31,Italy,Rentes (London),97.75
1914-01-31,Italy,Rentes (London),97.25
1914-02-28,Italy,Rentes (London),96.75
1914-03-31,Italy,Rentes (London),97.25
1914-04-30,Italy,Rentes (London),96.5
1914-05-31,Italy,Rentes (London),97.0
1914-06-30,Italy,Rentes (London),97.25
1914-07-31,Italy,Rentes (London),95.0
1915-01-31,Italy,Rentes (London),79.0
1915-02-28,Italy,Rentes (London),79.625
1915-03-31,Italy,Rentes (London),74.75
1915-04-30,Italy,Rentes (London),72.75
1915-05-31,Italy,Rentes (London),74.125
1915-06-30,Italy,Rentes (London),76.875
1915-07-31,Italy,Rentes (London),70.25
1915-08-31,Italy,Rentes (London),70.75
1915-09-30,Italy,Rentes (London),72.375
1915-10-31,Italy,Rentes (London),73.685
1915-11-30,Italy,Rentes (London),72.465
1915-12-31,Italy,Rentes (London),71.0
1916-01-31,Italy,Rentes (London),71.0
1916-02-29,Italy,Rentes (London),61.875
1916-03-31,Italy,Rentes (London),62.5
1916-04-30,Italy,Rentes (London),69.435
1916-05-31,Italy,Rentes (London),70.25
1916-06-30,Italy,Rentes (London),70.0
1916-07-31,Italy,Rentes (London),69.25
1916-08-31,Italy,Rentes (London),71.75
1916-09-30,Italy,Rentes (London),70.75
1916-10-31,Italy,Rentes (London),70.0
1916-11-30,Italy,Rentes (London),69.0
1916-12-31,Italy,Rentes (London),63.75
1917-01-31,Italy,Rentes (London),62.75
1917-02-28,Italy,Rentes (London),57.75
1917-03-31,Italy,Rentes (London),56.25
1917-04-30,Italy,Rentes (London),64.0
1917-05-31,Italy,Rentes (London),64.0
1917-06-30,Italy,Rentes (London),63.5
1917-07-31,Italy,Rentes (London),62.5
1917-08-31,Italy,Rentes (London),62.5
1917-09-30,Italy,Rentes (London),62.5
1917-10-31,Italy,Rentes (London),58.75
1917-11-30,Italy,Rentes (London),56.25
1917-12-31,Italy,Rentes (London),57.75
1918-01-31,Italy,Rentes (London),56.75
1918-02-28,Italy,Rentes (London),54.25
1918-03-31,Italy,Rentes (London),52.75
1918-04-30,Italy,Rentes (London),54.75
1918-05-31,Italy,Rentes (London),54.25
1918-06-30,Italy,Rentes (London),53.25
1918-07-31,Italy,Rentes (London),53.75
1918-08-31,Italy,Rentes (London),59.0
1918-09-30,Italy,Rentes (London),62.0
1918-10-31,Italy,Rentes (London),69.5
1918-11-30,Italy,Rentes (London),75.0
1918-12-31,Italy,Rentes (London),73.5
1919-01-31,Italy,Rentes (London),72.25
1919-02-28,Italy,Rentes (London),70.25
1919-03-31,Italy,Rentes (London),70.75
1919-04-30,Italy,Rentes (London),68.75
1919-05-31,Italy,Rentes (London),67.75
1919-06-30,Italy,Rentes (London),66.75
1919-07-31,Italy,Rentes (London),64.5
1919-08-31,Italy,Rentes (London),64.5
1919-09-30,Italy,Rentes (London),64.5
1919-10-31,Italy,Rentes (London),64.5
1919-11-30,Italy,Rentes (London),60.25
1919-12-31,Italy,Rentes (London),54.75
1920-01-31,Italy,Rentes (London),47.5
1920-02-29,Italy,Rentes (London),41.25
1920-03-31,Italy,Rentes (London),36.25
1920-04-30,Italy,Rentes (London),29.75
1920-05-31,Italy,Rentes (London),31.25
1920-06-30,Italy,Rentes (London),32.25
1920-07-31,Italy,Rentes (London),31.75
1920-08-31,Italy,Rentes (London),30.0
1920-09-30,Italy,Rentes (London),30.0
1920-10-31,Italy,Rentes (London),25.75
1920-11-30,Italy,Rentes (London),25.75
1920-12-31,Italy,Rentes (London),25.5
1921-01-31,Italy,Rentes (London),24.0
1921-02-28,Italy,Rentes (London),28.75
1921-03-31,Italy,Rentes (London),29.5
1921-04-30,Italy,Rentes (London),33.5
1921-05-31,Italy,Rentes (London),35.75
1921-06-30,Italy,Rentes (London),34.25
1921-07-31,Italy,Rentes (London),34.5
1921-08-31,Italy,Rentes (London),33.25
1921-09-30,Italy,Rentes (London),29.75
1921-10-31,Italy,Rentes (London),28.75
1921-11-30,Italy,Rentes (London),30.75
1921-12-31,Italy,Rentes (London),31.25
1922-01-31,Italy,Rentes (London),30.75
1922-02-28,Italy,Rentes (London),36.5
1922-03-31,Italy,Rentes (London),34.5
1922-04-30,Italy,Rentes (London),38.25
1922-05-31,Italy,Rentes (London),36.25
1922-06-30,Italy,Rentes (London),34.25
1922-07-31,Italy,Rentes (London),37.75
1922-08-31,Italy,Rentes (London),36.25
1922-09-30,Italy,Rentes (London),36.75
1922-10-31,Italy,Rentes (London),37.0
1922-11-30,Italy,Rentes (London),37.5
1922-12-31,Italy,Rentes (London),37.75
1923-01-31,Italy,Rentes (London),34.75
1923-02-28,Italy,Rentes (London),35.25
1923-03-31,Italy,Rentes (London),37.25
1923-04-30,Italy,Rentes (London),41.25
1923-05-31,Italy,Rentes (London),41.25
1923-06-30,Italy,Rentes (London),40.0
1923-07-31,Italy,Rentes (London),37.25
1923-08-31,Italy,Rentes (London),38.75
1923-09-30,Italy,Rentes (London),37.75
1923-10-31,Italy,Rentes (London),37.75
1923-11-30,Italy,Rentes (London),38.25
1923-12-31,Italy,Rentes (London),38.75
1924-01-31,Italy,Rentes (London),39.75
1924-02-29,Italy,Rentes (London),38.75
1924-03-31,Italy,Rentes (London),40.0
1924-04-30,Italy,Rentes (London),43.5
1924-05-31,Italy,Rentes (London),44.0
1924-06-30,Italy,Rentes (London),43.5
1924-07-31,Italy,Rentes (London),40.25
1924-08-31,Italy,Rentes (London),41.25
1924-09-30,Italy,Rentes (London),40.75
1924-10-31,Italy,Rentes (London),42.0
1924-11-30,Italy,Rentes (London),42.5
1924-12-31,Italy,Rentes (London),42.5
1925-01-31,Italy,Rentes (London),40.0
1925-02-28,Italy,Rentes (London),39.75
1925-03-31,Italy,Rentes (London),40.0
1925-04-30,Italy,Rentes (London),40.25
1925-05-31,Italy,Rentes (London),40.0
1925-06-30,Italy,Rentes (London),39.5
1925-07-31,Italy,Rentes (London),38.0
1925-08-31,Italy,Rentes (London),38.25
1925-09-30,Italy,Rentes (London),40.75
1925-10-31,Italy,Rentes (London),41.0
1925-11-30,Italy,Rentes (London),41.75
1925-12-31,Italy,Rentes (London),41.5
1926-01-31,Italy,Rentes (London),40.75
1926-02-28,Italy,Rentes (London),40.75
1926-03-31,Italy,Rentes (London),40.25
1926-04-30,Italy,Rentes (London),39.5
1926-05-31,Italy,Rentes (London),39.25
1926-06-30,Italy,Rentes (London),39.75
1926-07-31,Italy,Rentes (London),37.25
1926-08-31,Italy,Rentes (London),38.75
1926-09-30,Italy,Rentes (London),39.5
1926-10-31,Italy,Rentes (London),41.5
1926-11-30,Italy,Rentes (London),41.0
1926-12-31,Italy,Rentes (London),40.5
1927-01-31,Italy,Rentes (London),39.75
1927-02-28,Italy,Rentes (London),41.0
1927-03-31,Italy,Rentes (London),41.0
1927-04-30,Italy,Rentes (London),41.25
1927-05-31,Italy,Rentes (London),42.0
1927-06-30,Italy,Rentes (London),42.0
1927-07-31,Italy,Rentes (London),40.06
1927-08-31,Italy,Rentes (London),42.0
1927-09-30,Italy,Rentes (London),42.5
1927-10-31,Italy,Rentes (London),43.5
1927-11-30,Italy,Rentes (London),44.0
1927-12-31,Italy,Rentes (London),44.0
1928-01-31,Italy,Rentes (London),43.5
1928-02-29,Italy,Rentes (London),45.25
1928-03-31,Italy,Rentes (London),45.25
1928-04-30,Italy,Rentes (London),45.25
1928-05-31,Italy,Rentes (London),45.5
1928-06-30,Italy,Rentes (London),45.5
1928-07-31,Italy,Rentes (London),44.5
1928-08-31,Italy,Rentes (London),44.5
1928-09-30,Italy,Rentes (London),44.5
1928-10-31,Italy,Rentes (London),44.5
1928-11-30,Italy,Rentes (London),44.5
1928-12-31,Italy,Rentes (London),44.5
1929-01-31,Italy,Rentes (London),43.75
1929-02-28,Italy,Rentes (London),43.75
1929-03-31,Italy,Rentes (London),43.5
1929-04-30,Italy,Rentes (London),43.25
1929-05-31,Italy,Rentes (London),43.25
1929-06-30,Italy,Rentes (London),43.25
1929-07-31,Italy,Rentes (London),42.25
1929-08-31,Italy,Rentes (London),42.25
1929-09-30,Italy,Rentes (London),42.25
1929-10-31,Italy,Rentes (London),42.0
1929-11-30,Italy,Rentes (London),42.0
1929-12-31,Italy,Rentes (London),42.0
1906-07-31,Russia,5% State Loan 1906,0.75
1906-08-31,Russia,5% State Loan 1906,11.0
1906-09-30,Russia,5% State Loan 1906,9.25
1906-10-31,Russia,5% State Loan 1906,4.0
1906-11-30,Russia,5% State Loan 1906,4.75
1906-12-31,Russia,5% State Loan 1906,3.5
1907-01-31,Russia,5% State Loan 1906,2.5
1907-02-28,Russia,5% State Loan 1906,86.75
1907-03-31,Russia,5% State Loan 1906,83.5
1907-04-30,Russia,5% State Loan 1906,85.75
1907-05-31,Russia,5% State Loan 1906,83.75
1907-06-30,Russia,5% State Loan 1906,82.75
1907-07-31,Russia,5% State Loan 1906,83.75
1907-08-31,Russia,5% State Loan 1906,84.5
1907-09-30,Russia,5% State Loan 1906,87.5
1907-10-31,Russia,5% State Loan 1906,88.0
1907-11-30,Russia,5% State Loan 1906,90.0
1907-12-31,Russia,5% State Loan 1906,90.25
1908-01-31,Russia,5% State Loan 1906,94.25
1908-02-29,Russia,5% State Loan 1906,92.5
1908-03-31,Russia,5% State Loan 1906,94.25
1908-04-30,Russia,5% State Loan 1906,95.25
1908-05-31,Russia,5% State Loan 1906,96.75
1908-06-30,Russia,5% State Loan 1906,95.5
1908-07-31,Russia,5% State Loan 1906,95.0
1908-08-31,Russia,5% State Loan 1906,97.5
1908-09-30,Russia,5% State Loan 1906,98.75
1908-10-31,Russia,5% State Loan 1906,98.75
1908-11-30,Russia,5% State Loan 1906,95.87
1908-12-31,Russia,5% State Loan 1906,97.25
1909-01-31,Russia,5% State Loan 1906,96.87
1909-02-28,Russia,5% State Loan 1906,97.5
1909-03-31,Russia,5% State Loan 1906,99.37
1909-04-30,Russia,5% State Loan 1906,101.87
1909-05-31,Russia,5% State Loan 1906,99.62
1909-06-30,Russia,5% State Loan 1906,99.5
1909-07-31,Russia,5% State Loan 1906,100.5
1909-07-31,Russia,4.5% Loan 1909,94.0
1909-08-31,Russia,5% State Loan 1906,102.0
1909-08-31,Russia,4.5% Loan 1909,95.5
1909-09-30,Russia,5% State Loan 1906,103.5
1909-09-30,Russia,4.5% Loan 1909,95.25
1909-10-31,Russia,5% State Loan 1906,103.0
1909-10-31,Russia,4.5% Loan 1909,95.37
1909-11-30,Russia,5% State Loan 1906,101.12
1909-11-30,Russia,4.5% Loan 1909,97.37
1909-12-31,Russia,5% State Loan 1906,101.5
1909-12-31,Russia,4.5% Loan 1909,98.25
1910-01-31,Russia,5% State Loan 1906,102.0
1910-01-31,Russia,4.5% Loan 1909,96.75
1910-02-28,Russia,5% State Loan 1906,104.37
1910-02-28,Russia,4.5% Loan 1909,98.0
1910-03-31,Russia,5% State Loan 1906,104.5
1910-03-31,Russia,4.5% Loan 1909,98.0
1910-04-30,Russia,5% State Loan 1906,105.5
1910-04-30,Russia,4.5% Loan 1909,99.0
1910-05-31,Russia,5% State Loan 1906,103.62
1910-05-31,Russia,4.5% Loan 1909,100.25
1910-06-30,Russia,5% State Loan 1906,104.25
1910-06-30,Russia,4.5% Loan 1909,101.87
1910-07-31,Russia,5% State Loan 1906,105.0
1910-07-31,Russia,4.5% Loan 1909,100.0
1910-08-31,Russia,5% State Loan 1906,105.12
1910-08-31,Russia,4.5% Loan 1909,100.25
1910-09-30,Russia,5% State Loan 1906,105.5
1910-09-30,Russia,4.5% Loan 1909,100.5
1910-10-31,Russia,5% State Loan 1906,106.0
1910-10-31,Russia,4.5% Loan 1909,100.0
1910-11-30,Russia,5% State Loan 1906,103.75
1910-11-30,Russia,4.5% Loan 1909,100.62
1910-12-31,Russia,5% State Loan 1906,104.75
1910-12-31,Russia,4.5% Loan 1909,101.75
1911-01-31,Russia,5% State Loan 1906,104.75
1911-01-31,Russia,4.5% Loan 1909,100.0
1911-02-28,Russia,5% State Loan 1906,105.25
1911-02-28,Russia,4.5% Loan 1909,99.5
1911-03-31,Russia,5% State Loan 1906,105.25
1911-03-31,Russia,4.5% Loan 1909,99.87
1911-04-30,Russia,5% State Loan 1906,106.25
1911-04-30,Russia,4.5% Loan 1909,100.12
1911-05-31,Russia,5% State Loan 1906,104.25
1911-05-31,Russia,4.5% Loan 1909,101.5
1911-06-30,Russia,5% State Loan 1906,104.5
1911-06-30,Russia,4.5% Loan 1909,102.75
1911-07-31,Russia,5% State Loan 1906,103.5
1911-07-31,Russia,4.5% Loan 1909,99.5
1911-08-31,Russia,5% State Loan 1906,105.0
1911-08-31,Russia,4.5% Loan 1909,100.0
1911-09-30,Russia,5% State Loan 1906,104.25
1911-09-30,Russia,4.5% Loan 1909,99.25
1911-10-31,Russia,5% State Loan 1906,106.0
1911-10-31,Russia,4.5% Loan 1909,100.75
1911-11-30,Russia,5% State Loan 1906,103.5
1911-11-30,Russia,4.5% Loan 1909,101.5
1911-12-31,Russia,5% State Loan 1906,104.0
1911-12-31,Russia,4.5% Loan 1909,102.25
1912-01-31,Russia,5% State Loan 1906,104.5
1912-01-31,Russia,4.5% Loan 1909,100.0
1912-02-29,Russia,5% State Loan 1906,105.0
1912-02-29,Russia,4.5% Loan 1909,100.75
1912-03-31,Russia,5% State Loan 1906,105.0
1912-03-31,Russia,4.5% Loan 1909,100.25
1912-04-30,Russia,5% State Loan 1906,105.5
1912-04-30,Russia,4.5% Loan 1909,101.0
1912-05-31,Russia,5% State Loan 1906,104.25
1912-05-31,Russia,4.5% Loan 1909,102.25
1912-06-30,Russia,5% State Loan 1906,104.75
1912-06-30,Russia,4.5% Loan 1909,102.5
1912-07-31,Russia,5% State Loan 1906,105.0
1912-07-31,Russia,4.5% Loan 1909,99.75
1912-08-31,Russia,5% State Loan 1906,106.25
1912-08-31,Russia,4.5% Loan 1909,100.75
1912-09-30,Russia,5% State Loan 1906,106.25
1912-09-30,Russia,4.5% Loan 1909,100.75
1912-10-31,Russia,5% State Loan 1906,104.5
1912-10-31,Russia,4.5% Loan 1909,98.75
1912-11-30,Russia,5% State Loan 1906,102.75
1912-11-30,Russia,4.5% Loan 1909,100.0
1912-12-31,Russia,5% State Loan 1906,103.25
1912-12-31,Russia,4.5% Loan 1909,100.25
1913-01-31,Russia,5% State Loan 1906,103.75
1913-01-31,Russia,4.5% Loan 1909,99.5
1913-02-28,Russia,5% State Loan 1906,104.0
1913-02-28,Russia,4.5% Loan 1909,99.25
1913-03-31,Russia,5% State Loan 1906,104.25
1913-03-31,Russia,4.5% Loan 1909,99.5
1913-04-30,Russia,5% State Loan 1906,105.0
1913-04-30,Russia,4.5% Loan 1909,100.0
1913-05-31,Russia,5% State Loan 1906,102.0
1913-05-31,Russia,4.5% Loan 1909,99.75
1913-06-30,Russia,5% State Loan 1906,102.25
1913-06-30,Russia,4.5% Loan 1909,98.75
1913-07-31,Russia,5% State Loan 1906,103.0
1913-07-31,Russia,4.5% Loan 1909,99.0
1913-08-31,Russia,5% State Loan 1906,104.0
1913-08-31,Russia,4.5% Loan 1909,100.0
1913-09-30,Russia,5% State Loan 1906,104.5
1913-09-30,Russia,4.5% Loan 1909,100.5
1913-10-31,Russia,5% State Loan 1906,104.5
1913-10-31,Russia,4.5% Loan 1909,98.5
1913-11-30,Russia,5% State Loan 1906,102.5
1913-11-30,Russia,4.5% Loan 1909,99.5
1913-12-31,Russia,5% State Loan 1906,102.5
1913-12-31,Russia,4.5% Loan 1909,100.0
1914-01-31,Russia,5% State Loan 1906,103.5
1914-01-31,Russia,4.5% Loan 1909,99.0
1914-02-28,Russia,5% State Loan 1906,104.0
1914-02-28,Russia,4.5% Loan 1909,98.75
1914-03-31,Russia,5% State Loan 1906,104.0
1914-03-31,Russia,4.5% Loan 1909,98.0
1914-04-30,Russia,5% State Loan 1906,104.0
1914-04-30,Russia,4.5% Loan 1909,98.5
1914-05-31,Russia,5% State Loan 1906,102.0
1914-05-31,Russia,4.5% Loan 1909,100.5
1914-06-30,Russia,5% State Loan 1906,102.0
1914-06-30,Russia,4.5% Loan 1909,100.0
1914-07-31,Russia,5% State Loan 1906,93.0
1914-07-31,Russia,4.5% Loan 1909,90.0
1915-01-31,Russia,5% State Loan 1906,95.62
1915-01-31,Russia,4.5% Loan 1909,85.25
1915-02-28,Russia,5% State Loan 1906,96.0
1915-02-28,Russia,4.5% Loan 1909,85.75
1915-03-31,Russia,5% State Loan 1906,96.25
1915-03-31,Russia,4.5% Loan 1909,89.12
1915-04-30,Russia,5% State Loan 1906,97.5
1915-04-30,Russia,4.5% Loan 1909,90.0
1915-05-31,Russia,5% State Loan 1906,93.5
1915-05-31,Russia,4.5% Loan 1909,88.5
1915-06-30,Russia,5% State Loan 1906,92.12
1915-06-30,Russia,4.5% Loan 1909,82.0
1915-07-31,Russia,5% State Loan 1906,92.12
1915-07-31,Russia,4.5% Loan 1909,78.75
1915-08-31,Russia,5% State Loan 1906,92.0
1915-08-31,Russia,4.5% Loan 1909,73.25
1915-09-30,Russia,5% State Loan 1906,92.0
1915-09-30,Russia,4.5% Loan 1909,75.0
1915-10-31,Russia,5% State Loan 1906,92.12
1915-10-31,Russia,4.5% Loan 1909,74.5
1915-11-30,Russia,5% State Loan 1906,86.25
1915-11-30,Russia,4.5% Loan 1909,77.0
1915-12-31,Russia,5% State Loan 1906,84.12
1915-12-31,Russia,4.5% Loan 1909,76.0
1916-01-31,Russia,5% State Loan 1906,83.75
1916-01-31,Russia,4.5% Loan 1909,74.5
1916-02-29,Russia,5% State Loan 1906,83.75
1916-02-29,Russia,4.5% Loan 1909,73.75
1916-03-31,Russia,5% State Loan 1906,84.12
1916-03-31,Russia,4.5% Loan 1909,73.5
1916-04-30,Russia,5% State Loan 1906,85.25
1916-04-30,Russia,4.5% Loan 1909,73.5
1916-05-31,Russia,5% State Loan 1906,83.87
1916-05-31,Russia,4.5% Loan 1909,75.75
1916-06-30,Russia,5% State Loan 1906,90.0
1916-06-30,Russia,4.5% Loan 1909,79.75
1916-07-31,Russia,5% State Loan 1906,90.5
1916-07-31,Russia,4.5% Loan 1909,81.0
1916-08-31,Russia,5% State Loan 1906,90.0
1916-08-31,Russia,4.5% Loan 1909,80.5
1916-09-30,Russia,5% State Loan 1906,89.5
1916-09-30,Russia,4.5% Loan 1909,81.0
1916-10-31,Russia,5% State Loan 1906,88.5
1916-10-31,Russia,4.5% Loan 1909,77.5
1916-11-30,Russia,5% State Loan 1906,82.0
1916-11-30,Russia,4.5% Loan 1909,75.0
1916-12-31,Russia,5% State Loan 1906,80.0
1916-12-31,Russia,4.5% Loan 1909,75.0
1917-01-31,Russia,5% State Loan 1906,82.0
1917-01-31,Russia,4.5% Loan 1909,74.0
1917-02-28,Russia,5% State Loan 1906,82.0
1917-02-28,Russia,4.5% Loan 1909,74.0
1917-03-31,Russia,5% State Loan 1906,79.0
1917-03-31,Russia,4.5% Loan 1909,71.0
1917-04-30,Russia,5% State Loan 1906,84.0
1917-04-30,Russia,4.5% Loan 1909,73.0
1917-05-31,Russia,5% State Loan 1906,78.5
1917-05-31,Russia,4.5% Loan 1909,68.0
1917-06-30,Russia,5% State Loan 1906,76.0
1917-06-30,Russia,4.5% Loan 1909,66.0
1917-07-31,Russia,5% State Loan 1906,73.0
1917-07-31,Russia,4.5% Loan 1909,64.0
1917-08-31,Russia,5% State Loan 1906,72.0
1917-08-31,Russia,4.5% Loan 1909,65.0
1917-09-30,Russia,5% State Loan 1906,71.0
1917-09-30,Russia,4.5% Loan 1909,62.5
1917-10-31,Russia,5% State Loan 1906,66.5
1917-10-31,Russia,4.5% Loan 1909,56.0
1917-11-30,Russia,5% State Loan 1906,57.5
1917-11-30,Russia,4.5% Loan 1909,50.0
1917-12-31,Russia,5% State Loan 1906,52.5
1917-12-31,Russia,4.5% Loan 1909,45.5
1918-01-31,Russia,5% State Loan 1906,48.5
1918-01-31,Russia,4.5% Loan 1909,39.0
1918-02-28,Russia,5% State Loan 1906,48.5
1918-02-28,Russia,4.5% Loan 1909,38.5
1918-03-31,Russia,5% State Loan 1906,47.5
1918-03-31,Russia,4.5% Loan 1909,39.5
1918-04-30,Russia,5% State Loan 1906,46.5
1918-04-30,Russia,4.5% Loan 1909,36.5
1918-05-31,Russia,5% State Loan 1906,44.0
1918-05-31,Russia,4.5% Loan 1909,39.5
1918-06-30,Russia,5% State Loan 1906,49.0
1918-06-30,Russia,4.5% Loan 1909,44.0
1918-07-31,Russia,5% State Loan 1906,53.0
1918-07-31,Russia,4.5% Loan 1909,51.0
1918-08-31,Russia,5% State Loan 1906,54.0
1918-08-31,Russia,4.5% Loan 1909,47.0
1918-09-30,Russia,5% State Loan 1906,58.0
1918-09-30,Russia,4.5% Loan 1909,47.0
1918-10-31,Russia,5% State Loan 1906,64.5
1918-10-31,Russia,4.5% Loan 1909,53.0
1918-11-30,Russia,5% State Loan 1906,63.5
1918-11-30,Russia,4.5% Loan 1909,53.5
1918-12-31,Russia,5% State Loan 1906,60.5
1918-12-31,Russia,4.5% Loan 1909,50.5
1919-01-31,Russia,5% State Loan 1906,57.0
1919-01-31,Russia,4.5% Loan 1909,49.0
1919-02-28,Russia,5% State Loan 1906,55.0
1919-02-28,Russia,4.5% Loan 1909,46.0
1919-03-31,Russia,5% State Loan 1906,49.5
1919-03-31,Russia,4.5% Loan 1909,41.5
1919-04-30,Russia,5% State Loan 1906,54.5
1919-04-30,Russia,4.5% Loan 1909,48.0
1919-05-31,Russia,5% State Loan 1906,56.0
1919-05-31,Russia,4.5% Loan 1909,48.5
1919-06-30,Russia,5% State Loan 1906,55.0
1919-06-30,Russia,4.5% Loan 1909,46.0
1919-07-31,Russia,5% State Loan 1906,49.0
1919-07-31,Russia,4.5% Loan 1909,42.5
1919-08-31,Russia,5% State Loan 1906,45.0
1919-08-31,Russia,4.5% Loan 1909,39.0
1919-09-30,Russia,5% State Loan 1906,40.5
1919-09-30,Russia,4.5% Loan 1909,33.0
1919-10-31,Russia,5% State Loan 1906,43.5
1919-10-31,Russia,4.5% Loan 1909,38.5
1919-11-30,Russia,5% State Loan 1906,39.5
1919-11-30,Russia,4.5% Loan 1909,33.0
1919-12-31,Russia,5% State Loan 1906,37.5
1919-12-31,Russia,4.5% Loan 1909,29.5
1920-01-31,Russia,5% State Loan 1906,35.0
1920-01-31,Russia,4.5% Loan 1909,27.5
1920-02-29,Russia,5% State Loan 1906,31.5
1920-02-29,Russia,4.5% Loan 1909,26.5
1920-03-31,Russia,5% State Loan 1906,33.5
1920-03-31,Russia,4.5% Loan 1909,23.0
1920-04-30,Russia,5% State Loan 1906,27.5
1920-04-30,Russia,4.5% Loan 1909,17.5
1920-05-31,Russia,5% State Loan 1906,21.0
1920-05-31,Russia,4.5% Loan 1909,17.5
1920-06-30,Russia,5% State Loan 1906,27.0
1920-06-30,Russia,4.5% Loan 1909,19.5
1920-07-31,Russia,5% State Loan 1906,29.5
1920-07-31,Russia,4.5% Loan 1909,21.5
1920-08-31,Russia,5% State Loan 1906,27.5
1920-08-31,Russia,4.5% Loan 1909,21.5
1920-09-30,Russia,5% State Loan 1906,22.0
1920-09-30,Russia,4.5% Loan 1909,18.0
1920-10-31,Russia,5% State Loan 1906,22.5
1920-10-31,Russia,4.5% Loan 1909,18.0
1920-11-30,Russia,5% State Loan 1906,20.5
1920-11-30,Russia,4.5% Loan 1909,17.0
1920-12-31,Russia,5% State Loan 1906,16.0
1920-12-31,Russia,4.5% Loan 1909,15.0
1921-01-31,Russia,5% State Loan 1906,15.0
1921-01-31,Russia,4.5% Loan 1909,15.0
1921-02-28,Russia,5% State Loan 1906,12.5
1921-02-28,Russia,4.5% Loan 1909,10.0
1921-03-31,Russia,5% State Loan 1906,14.5
1921-03-31,Russia,4.5% Loan 1909,10.5
1921-04-30,Russia,5% State Loan 1906,14.5
1921-04-30,Russia,4.5% Loan 1909,9.5
1921-05-31,Russia,5% State Loan 1906,14.5
1921-05-31,Russia,4.5% Loan 1909,10.0
1921-06-30,Russia,5% State Loan 1906,12.5
1921-06-30,Russia,4.5% Loan 1909,8.5
1921-07-31,Russia,5% State Loan 1906,13.0
1921-07-31,Russia,4.5% Loan 1909,8.5
1921-08-31,Russia,5% State Loan 1906,12.0
1921-08-31,Russia,4.5% Loan 1909,8.5
1921-09-30,Russia,5% State Loan 1906,8.5
1921-09-30,Russia,4.5% Loan 1909,6.5
1921-10-31,Russia,5% State Loan 1906,9.5
1921-10-31,Russia,4.5% Loan 1909,7.5
1921-11-30,Russia,5% State Loan 1906,9.5
1921-11-30,Russia,4.5% Loan 1909,7.5
1921-12-31,Russia,5% State Loan 1906,14.5
1921-12-31,Russia,4.5% Loan 1909,11.5
1922-01-31,Russia,5% State Loan 1906,15.5
1922-01-31,Russia,4.5% Loan 1909,12.5
1922-02-28,Russia,5% State Loan 1906,15.5
1922-02-28,Russia,4.5% Loan 1909,9.5
1922-03-31,Russia,5% State Loan 1906,13.5
1922-03-31,Russia,4.5% Loan 1909,8.5
1922-04-30,Russia,5% State Loan 1906,16.0
1922-04-30,Russia,4.5% Loan 1909,12.5
1922-05-31,Russia,5% State Loan 1906,14.0
1922-05-31,Russia,4.5% Loan 1909,11.5
1922-06-30,Russia,5% State Loan 1906,12.5
1922-06-30,Russia,4.5% Loan 1909,9.5
1922-07-31,Russia,5% State Loan 1906,11.0
1922-07-31,Russia,4.5% Loan 1909,8.5
1922-08-31,Russia,5% State Loan 1906,10.5
1922-08-31,Russia,4.5% Loan 1909,5.5
1922-09-30,Russia,5% State Loan 1906,11.5
1922-09-30,Russia,4.5% Loan 1909,8.5
1922-10-31,Russia,5% State Loan 1906,10.5
1922-10-31,Russia,4.5% Loan 1909,8.5
1922-11-30,Russia,5% State Loan 1906,9.5
1922-11-30,Russia,4.5% Loan 1909,6.5
1922-12-31,Russia,5% State Loan 1906,8.5
1922-12-31,Russia,4.5% Loan 1909,7.0
1923-01-31,Russia,5% State Loan 1906,8.5
1923-01-31,Russia,4.5% Loan 1909,6.5
1923-02-28,Russia,5% State Loan 1906,10.5
1923-02-28,Russia,4.5% Loan 1909,7.0
1923-03-31,Russia,5% State Loan 1906,10.5
1923-03-31,Russia,4.5% Loan 1909,7.5
1923-04-30,Russia,5% State Loan 1906,10.0
1923-04-30,Russia,4.5% Loan 1909,7.5
1923-05-31,Russia,5% State Loan 1906,9.0
1923-05-31,Russia,4.5% Loan 1909,5.5
1923-06-30,Russia,5% State Loan 1906,8.0
1923-06-30,Russia,4.5% Loan 1909,5.5
1923-07-31,Russia,5% State Loan 1906,8.0
1923-07-31,Russia,4.5% Loan 1909,6.5
1923-08-31,Russia,5% State Loan 1906,8.0
1923-08-31,Russia,4.5% Loan 1909,6.5
1923-09-30,Russia,5% State Loan 1906,11.0
1923-09-30,Russia,4.5% Loan 1909,8.0
1923-10-31,Russia,5% State Loan 1906,11.0
1923-10-31,Russia,4.5% Loan 1909,8.0
1923-11-30,Russia,5% State Loan 1906,10.0
1923-11-30,Russia,4.5% Loan 1909,8.0
1923-12-31,Russia,5% State Loan 1906,11.0
1923-12-31,Russia,4.5% Loan 1909,9.0
1924-01-31,Russia,5% State Loan 1906,13.0
1924-01-31,Russia,4.5% Loan 1909,9.0
1924-02-29,Russia,5% State Loan 1906,11.0
1924-02-29,Russia,4.5% Loan 1909,9.0
1924-03-31,Russia,5% State Loan 1906,12.0
1924-03-31,Russia,4.5% Loan 1909,9.0
1924-04-30,Russia,5% State Loan 1906,9.0
1924-04-30,Russia,4.5% Loan 1909,7.0
1924-05-31,Russia,5% State Loan 1906,9.0
1924-05-31,Russia,4.5% Loan 1909,7.0
1924-06-30,Russia,5% State Loan 1906,9.0
1924-06-30,Russia,4.5% Loan 1909,5.0
1924-07-31,Russia,5% State Loan 1906,9.0
1924-07-31,Russia,4.5% Loan 1909,5.0
1924-08-31,Russia,5% State Loan 1906,7.5
1924-08-31,Russia,4.5% Loan 1909,5.5
1924-09-30,Russia,5% State Loan 1906,6.5
1924-09-30,Russia,4.5% Loan 1909,6.0
1924-10-31,Russia,5% State Loan 1906,5.5
1924-10-31,Russia,4.5% Loan 1909,4.0
1924-11-30,Russia,5% State Loan 1906,7.0
1924-11-30,Russia,4.5% Loan 1909,5.0
1924-12-31,Russia,5% State Loan 1906,9.0
1924-12-31,Russia,4.5% Loan 1909,7.0
1925-01-31,Russia,5% State Loan 1906,10.0
1925-01-31,Russia,4.5% Loan 1909,7.0
1925-02-28,Russia,5% State Loan 1906,9.0
1925-02-28,Russia,4.5% Loan 1909,6.0
1925-03-31,Russia,5% State Loan 1906,7.0
1925-03-31,Russia,4.5% Loan 1909,4.0
1925-04-30,Russia,5% State Loan 1906,7.0
1925-04-30,Russia,4.5% Loan 1909,5.0
1925-05-31,Russia,5% State Loan 1906,6.0
1925-05-31,Russia,4.5% Loan 1909,5.0
1925-06-30,Russia,5% State Loan 1906,5.0
1925-06-30,Russia,4.5% Loan 1909,4.0
1925-07-31,Russia,5% State Loan 1906,5.0
1925-07-31,Russia,4.5% Loan 1909,4.0
1925-08-31,Russia,5% State Loan 1906,5.0
1925-08-31,Russia,4.5% Loan 1909,5.0
1925-09-30,Russia,5% State Loan 1906,6.0
1925-09-30,Russia,4.5% Loan 1909,4.5
1925-10-31,Russia,5% State Loan 1906,7.0
1925-10-31,Russia,4.5% Loan 1909,6.0
1925-11-30,Russia,5% State Loan 1906,7.0
1925-11-30,Russia,4.5% Loan 1909,6.0
1925-12-31,Russia,5% State Loan 1906,7.0
1925-12-31,Russia,4.5% Loan 1909,6.0
1926-01-31,Russia,5% State Loan 1906,9.0
1926-01-31,Russia,4.5% Loan 1909,7.0
1926-02-28,Russia,5% State Loan 1906,9.0
1926-02-28,Russia,4.5% Loan 1909,7.0
1926-03-31,Russia,5% State Loan 1906,7.0
1926-03-31,Russia,4.5% Loan 1909,6.0
1926-04-30,Russia,5% State Loan 1906,7.0
1926-04-30,Russia,4.5% Loan 1909,5.0
1926-05-31,Russia,5% State Loan 1906,7.0
1926-05-31,Russia,4.5% Loan 1909,6.0
1926-06-30,Russia,5% State Loan 1906,6.0
1926-06-30,Russia,4.5% Loan 1909,5.0
1926-07-31,Russia,5% State Loan 1906,6.0
1926-07-31,Russia,4.5% Loan 1909,5.0
1926-08-31,Russia,5% State Loan 1906,6.5
1926-08-31,Russia,4.5% Loan 1909,5.5
1926-09-30,Russia,5% State Loan 1906,6.0
1926-09-30,Russia,4.5% Loan 1909,5.5
1926-10-31,Russia,4.5% Loan 1909,7.0
1926-11-30,Russia,5% State Loan 1906,7.0
1926-11-30,Russia,4.5% Loan 1909,6.5
1926-12-31,Russia,5% State Loan 1906,6.0
1926-12-31,Russia,4.5% Loan 1909,5.5
1927-01-31,Russia,5% State Loan 1906,7.0
1927-01-31,Russia,4.5% Loan 1909,6.0
1927-02-28,Russia,5% State Loan 1906,7.0
1927-02-28,Russia,4.5% Loan 1909,4.0
1927-03-31,Russia,5% State Loan 1906,7.0
1927-03-31,Russia,4.5% Loan 1909,4.0
1927-04-30,Russia,5% State Loan 1906,7.0
1927-04-30,Russia,4.5% Loan 1909,4.0
1927-05-31,Russia,5% State Loan 1906,5.0
1927-05-31,Russia,4.5% Loan 1909,4.0
1927-06-30,Russia,5% State Loan 1906,5.0
1927-06-30,Russia,4.5% Loan 1909,4.0
1927-07-31,Russia,5% State Loan 1906,5.0
1927-07-31,Russia,4.5% Loan 1909,3.5
1927-08-31,Russia,5% State Loan 1906,4.5
1927-08-31,Russia,4.5% Loan 1909,4.5
1927-09-30,Russia,5% State Loan 1906,4.5
1927-09-30,Russia,4.5% Loan 1909,3.5
1927-10-31,Russia,5% State Loan 1906,5.0
1927-10-31,Russia,4.5% Loan 1909,4.0
1927-11-30,Russia,5% State Loan 1906,5.0
1927-11-30,Russia,4.5% Loan 1909,4.0
1927-12-31,Russia,5% State Loan 1906,5.5
1927-12-31,Russia,4.5% Loan 1909,4.5
1928-01-31,Russia,5% State Loan 1906,6.0
1928-01-31,Russia,4.5% Loan 1909,5.0
1928-02-29,Russia,5% State Loan 1906,7.0
1928-02-29,Russia,4.5% Loan 1909,6.0
1928-03-31,Russia,5% State Loan 1906,9.0
1928-03-31,Russia,4.5% Loan 1909,7.0
1928-04-30,Russia,5% State Loan 1906,8.0
1928-04-30,Russia,4.5% Loan 1909,6.0
1928-05-31,Russia,5% State Loan 1906,6.0
1928-05-31,Russia,4.5% Loan 1909,4.5
1928-06-30,Russia,5% State Loan 1906,6.0
1928-06-30,Russia,4.5% Loan 1909,6.0
1928-07-31,Russia,5% State Loan 1906,6.0
1928-07-31,Russia,4.5% Loan 1909,6.0
1928-08-31,Russia,5% State Loan 1906,6.0
1928-08-31,Russia,4.5% Loan 1909,5.0
1928-09-30,Russia,5% State Loan 1906,6.0
1928-09-30,Russia,4.5% Loan 1909,5.0
1928-10-31,Russia,5% State Loan 1906,6.0
1928-10-31,Russia,4.5% Loan 1909,5.5
1928-11-30,Russia,5% State Loan 1906,6.0
1928-11-30,Russia,4.5% Loan 1909,5.5
1928-12-31,Russia,5% State Loan 1906,6.0
1928-12-31,Russia,4.5% Loan 1909,5.0
1929-01-31,Russia,5% State Loan 1906,5.0
1929-01-31,Russia,4.5% Loan 1909,5.0
